-- phpMyAdmin SQL Dump
-- version 5.2.1
-- https://www.phpmyadmin.net/
--
-- Servidor: altira-db
-- Tiempo de generación: 14-12-2025 a las 17:14:46
-- Versión del servidor: 5.7.35
-- Versión de PHP: 8.2.10

SET SQL_MODE = "NO_AUTO_VALUE_ON_ZERO";
START TRANSACTION;
SET time_zone = "+00:00";


/*!40101 SET @OLD_CHARACTER_SET_CLIENT=@@CHARACTER_SET_CLIENT */;
/*!40101 SET @OLD_CHARACTER_SET_RESULTS=@@CHARACTER_SET_RESULTS */;
/*!40101 SET @OLD_COLLATION_CONNECTION=@@COLLATION_CONNECTION */;
/*!40101 SET NAMES utf8mb4 */;

--
-- Base de datos: `altiraautomations`
--

DROP TABLE IF EXISTS `blog_article_faq`;
DROP TABLE IF EXISTS `blog_article_lang`;
DROP TABLE IF EXISTS `blog_article`;

-- --------------------------------------------------------

--
-- Estructura de tabla para la tabla `blog_article`
--

CREATE TABLE `blog_article` (
  `id` int(11) NOT NULL,
  `category` int(11) DEFAULT NULL,
  `date` date DEFAULT NULL,
  `author` int(11) DEFAULT NULL,
  `picture_thumb` varchar(100) COLLATE utf8_unicode_ci DEFAULT NULL,
  `picture` varchar(100) COLLATE utf8_unicode_ci DEFAULT NULL,
  `ordinal` int(11) DEFAULT NULL,
  `visits` int(11) DEFAULT NULL,
  `featured` varchar(1) COLLATE utf8_unicode_ci NOT NULL DEFAULT '0',
  `active` varchar(1) COLLATE utf8_unicode_ci NOT NULL DEFAULT '0'
) ENGINE=InnoDB DEFAULT CHARSET=utf8 COLLATE=utf8_unicode_ci;

--
-- Volcado de datos para la tabla `blog_article`
--

INSERT INTO `blog_article` (`id`, `category`, `date`, `author`, `picture_thumb`, `picture`, `ordinal`, `visits`, `featured`, `active`) VALUES
(1, 1, '2025-08-21', 1, 'blog_article_1_20251212181454.jpg', 'blog_article_1_20251212181455.jpg', 10, 0, '1', '1'),
(2, 1, '2025-08-22', 1, 'blog_article_2_20251213103657.jpg', 'blog_article_2_20251213103658.jpg', 20, 0, '1', '1'),
(3, 2, '2025-11-23', 1, 'blog_article_3_20251213170507.jpg', 'blog_article_3_20251213170508.jpg', 30, 0, '1', '1'),
(4, 1, '2025-12-03', 1, 'blog_article_4_20251214103722.jpg', 'blog_article_4_20251214103723.jpg', 40, 0, '1', '1');

-- --------------------------------------------------------

--
-- Estructura de tabla para la tabla `blog_article_faq`
--

CREATE TABLE `blog_article_faq` (
  `id` int(11) NOT NULL,
  `article` int(11) DEFAULT NULL,
  `lang_code_2a` varchar(2) COLLATE utf8mb4_unicode_ci DEFAULT NULL,
  `question` varchar(250) COLLATE utf8mb4_unicode_ci DEFAULT NULL,
  `reply` longtext COLLATE utf8mb4_unicode_ci,
  `ordinal` int(11) DEFAULT NULL,
  `active` varchar(1) COLLATE utf8mb4_unicode_ci NOT NULL DEFAULT '0'
) ENGINE=InnoDB DEFAULT CHARSET=utf8mb4 COLLATE=utf8mb4_unicode_ci;

--
-- Volcado de datos para la tabla `blog_article_faq`
--

INSERT INTO `blog_article_faq` (`id`, `article`, `lang_code_2a`, `question`, `reply`, `ordinal`, `active`) VALUES
( 1, 1, 'en', 'How quickly can I see an ROI from implementing an AI Agent?', 'The ROI for AI automation is typically rapid. In many cases, operating costs decrease as soon as the AI ​​Agents are operational, and productivity improvements are noticeable within the first few months. While it depends on the complexity of the project, our focus is on delivering tangible value quickly.', 10, '1'),
( 2, 1, 'en', 'Are AI Agents safe for handling sensitive company data?', 'Absolutely. Security is paramount. Professional implementation must ensure compliance with UK data regulations, end-to-end encryption, and the principle of &quot;minimum privilege&quot; (the Agent only accesses necessary data).', 30, '1'),
( 3, 1, 'en', 'Does implementing an AI Agent mean displacing human employees?', 'No. AI Agents replace tasks, not people. Their purpose is to liberate employees from repetitive tasks so they can focus on roles that require creative thinking, high-value client interaction, and strategic decision-making.', 50, '1'),
( 4, 1, 'en', 'What is the difference between an AI Agent and a Chatbot?', 'A Chatbot is a communicative tool. An AI Agent is an executing tool. It can read, reason, plan, and then perform actions (like filing a document, processing an order, or drafting a report) across different systems.', 70, '1'),
( 5, 1, 'en', 'What kind of processes are ideal for starting with AI Agents?', 'Ideal starting points are processes with a high volume of data input, processes with many variables (e.g., invoice processing), and initial customer service triage.', 90, '1'),
( 6, 1, 'es', '¿Es la automatización de tareas solo para grandes empresas?', 'Absolutamente no. La automatización se adapta perfectamente a las Pymes. De hecho, para un negocio pequeño, liberar un par de horas al día al equipo de gerencia puede significar la diferencia entre el estancamiento y el crecimiento. Altira ofrece soluciones modulares y asequibles.', 20, '1'),
( 7, 1, 'es', '¿Reemplazará la IA a mi equipo humano?', 'La IA y la automatización no buscan reemplazar, sino potenciar. Al eliminar el trabajo repetitivo, sus empleados pueden dedicarse a tareas que requieren creatividad, empatía y pensamiento estratégico. Es una herramienta para el upskilling y la mejora del capital humano.', 40, '1'),
( 8, 1, 'es', '¿Qué procesos de mi negocio debo automatizar primero?', 'Recomendamos empezar por los procesos que son: a) repetitivos y de alto volumen, b) propensos a errores, y c) requieren mucho tiempo. Nuestro equipo de Altira puede ayudarle con una auditoría para identificar los puntos de mayor impacto.', 60, '1'),
( 9, 1, 'es', '¿Qué tan seguro es automatizar procesos críticos?', 'La seguridad es uno de nuestros pilares. Al ser soluciones a medida, garantizamos que la infraestructura de automatización cumpla con los estándares más estrictos de confidencialidad y normativas de datos (como el RGPD), siendo a menudo más seguro y auditable que los procesos manuales.', 80, '1'),
(10, 1, 'es', '¿Cuánto tiempo se tarda en ver el Retorno de Inversión (ROI)?', 'El ROI en la automatización con IA suele ser rápido. En muchos casos, los costes operativos se reducen tan pronto como los Agentes IA están operativos, y la mejora de la productividad se nota en los primeros meses. Depende de la complejidad, pero nuestro enfoque es la entrega de valor tangible y rápido.', 100, '1'),
(11, 2, 'es', 'Do I need technical knowledge to implement these automations?', 'No. We always conduct a thorough audit to understand which process is your biggest bottleneck and provide a packaged, tested solution that best suits you. You do not need to do any programming.', 10, '1'),
(12, 2, 'es', 'How long does it take for an automation to go live?', 'The actual time depends on how many systems need to be connected (invoicing, CRM, social media). Our experience shows that from the setup phase to field testing, your approval, and final production, it takes less than one week.', 20, '1'),
(13, 2, 'es', 'Are these automations secure?', 'Yes. Security and confidentiality are key to us. We always use enterprise-level encryption and ensure compliance with GDPR and relevant UK data standards. Your data is never stored on external, unverified servers.', 30, '1'),
(14, 2, 'es', 'Can I automate processes if I use local (non-cloud) software?', 'Yes. Many tools allow local software to be connected via APIs or CSV file imports. If your system doesn\'t have an API, we can use solutions for automatic data import from Excel or scanned PDFs.', 40, '1'),
(15, 2, 'es', 'How much does it cost to implement these automations?', 'The cost is highly dependent on the specific solution, external connections, and integrated services. A fixed price cannot be given as every automation is unique. However, it is significantly less than hiring one full-time employee.', 50, '1'),
(16, 3, 'en', 'Does AI Automation imply staff layoffs?', 'This is the biggest myth. AI Agents do not replace people; they replace repetitive, low-value tasks. Our focus at Altira is to free up your team to dedicate themselves to strategic, creative, and customer-facing tasks, where human value is irreplaceable.', 10, '1'),
(17, 3, 'en', 'What kind of security does Altira offer for my company\'s confidential data?', 'At Altira, we prioritize strict compliance with GDPR and other UK data security regulations. We implement controlled environment infrastructures, end-to-end encryption, and continuous auditing. Furthermore, the &quot;principle of least privilege&quot; ensures the AI Agent only accesses data essential for its task.', 30, '1'),
(18, 3, 'en', 'How long does it take to see the Return on Investment (ROI) of an automation?', 'If the process has been strategically selected (high time cost and high error risk), the ROI can be tangible in the first few weeks. The key is aiming for high-impact &quot;quick wins&quot; that free up resources from the outset.', 50, '1'),
(19, 3, 'en', 'My current process has many &quot;buts&quot; and exceptions; can it be automated?', 'Yes, this is precisely where the Intelligence of our AI Agents shines. Unlike traditional RPA (which only follows rigid rules), our AI Agents can learn and make decisions based on data and exceptions, making complex processes automatable.', 70, '1'),
(20, 3, 'en', 'Does my team need advanced technical knowledge to use the AI?', 'No. Altira\'s solutions integrate into your existing systems with intuitive interfaces. Our job is to build the intelligence in the backend so your team only has to interact with the result simply and efficiently.', 90, '1'),
(21, 3, 'es', '¿La Automatización IA implica el despido de personal?', 'Es el mito más grande. Los Agentes IA no reemplazan personas; reemplazan tareas repetitivas y de bajo valor. Nuestro enfoque en Altira es liberar a su equipo para que se dedique a tareas estratégicas, creativas y de atención al cliente, donde el valor humano es irremplazable.', 20, '1'),
(22, 3, 'es', '¿Qué tipo de seguridad ofrece Altira para los datos confidenciales de mi empresa?', 'En Altira, priorizamos el cumplimiento estricto del RGPD y otras normativas de seguridad de datos. Implementamos infraestructuras de entorno controlado, encriptación de extremo a extremo y auditorías continuas. Además, el principio de &quot;mínimo privilegio&quot; asegura que el Agente IA solo acceda a los datos esenciales para su tarea.', 40, '1'),
(23, 3, 'es', '¿Cuánto tiempo se tarda en ver el Retorno de Inversión (ROI) de una automatización?', 'Si el proceso ha sido seleccionado estratégicamente (alto coste de tiempo y alto riesgo de error), el ROI puede ser tangible en las primeras  semanas. La clave está en apuntar a las &quot;victorias rápidas&quot; y de alto impacto que liberan recursos desde el inicio.', 60, '1'),
(24, 3, 'es', 'Mi proceso actual tiene muchos &amp;amp;amp;quot;peros&amp;amp;amp;quot; y excepciones, ¿se puede automatizar?', 'Sí, precisamente aquí es donde brilla la &lt;b&gt;Inteligencia Artificial&lt;/b&gt; de nuestros Agentes. A diferencia del RPA tradicional (que solo sigue reglas rígidas), nuestros Agentes IA pueden aprender y tomar decisiones basadas en datos y excepciones, haciendo que los procesos complejos sean automatizables.', 80, '1'),
(25, 3, 'es', '¿Es necesario que mi equipo tenga conocimientos técnicos avanzados para usar la IA?', 'No. Las soluciones de Altira se integran en sus sistemas actuales con interfaces intuitivas. Nuestro trabajo es construir la inteligencia en la trastienda para que su equipo solo tenga que interactuar con el resultado de forma sencilla y eficiente.', 100, '1'),
(26, 4, 'en', 'If my process involves human intervention, is it still efficient automation?', 'Yes, absolutely. The human shifts from performing tedious work (drafting from scratch) to validating and refining, which is a qualitative leap. The efficiency gain remains high (approximately 80%) while the risk is completely eliminated.', 10, '1'),
(27, 4, 'en', 'What guarantees the security of my data during implementation and testing?', 'A professional service provider must guarantee strict compliance with GDPR, operate with the principle of least privilege (the AI only accesses essential data), and provide the necessary infrastructure and traceability for any audit, ensuring confidentiality.', 30, '1'),
(28, 4, 'en', 'How long does it take to see the Return on Investment (ROI) using the Copilot model?', 'Since the risk is low and the Agent focuses on high cognitive friction tasks (drafting, classifying, extracting), the time savings are immediate, making the ROI tangible within the first few months.', 50, '1'),
(29, 4, 'en', 'My current process has many &quot;buts&quot; and exceptions; can it be automated?', 'Yes. Complex exceptions are handled by the Artificial Intelligence of the Agents, which learn from human validation during the testing period. AI-based systems can handle nuances better than traditional RPA.', 70, '1'),
(30, 4, 'en', 'Can we scale the autonomy of the AI in the future?', 'Yes. Once the solution\'s reliability is demonstrated and your team trusts the system, the process can be re-evaluated to gradually scale the Agent\'s autonomy, provided the inherent process risk allows it.', 90, '1'),
(31, 4, 'es', 'Si mi proceso tiene intervención humana, ¿sigue siendo una automatización eficiente?', 'Sí, absolutamente. El humano pasa de realizar el trabajo tedioso (redactar desde cero) a validar y refinar, lo cual es un salto cualitativo. La ganancia de eficiencia se mantiene alta (aproximadamente el 80%) mientras el riesgo se elimina por completo.', 20, '1'),
(32, 4, 'es', '¿Qué garantiza la seguridad de mis datos durante la implementación y las pruebas?', 'Un proveedor de servicios profesional debe garantizar el cumplimiento estricto del RGPD, operar con principios de mínimo privilegio (la IA solo accede a los datos esenciales) y ofrecer la infraestructura y la trazabilidad necesaria para cualquier auditoría, asegurando la confidencialidad.', 40, '1'),
(33, 4, 'es', '¿Cuánto tiempo se tarda en ver el Retorno de Inversión (ROI) usando el modelo Copiloto?', 'Dado que el riesgo es bajo y el Agente se centra en tareas de alta fricción cognitiva (redactar, clasificar, extraer), el ahorro en tiempo es inmediato, haciendo que el ROI sea tangible en los primeros meses.', 60, '1'),
(34, 4, 'es', 'Mi proceso actual tiene muchos &quot;peros&quot; y excepciones, ¿se puede automatizar?', 'Sí. Las excepciones complejas son manejadas por la Inteligencia Artificial de los Agentes, que aprenden de la validación humana durante el periodo de prueba. Los sistemas basados en IA pueden manejar mejor los matices que el RPA tradicional.', 80, '1'),
(35, 4, 'es', '¿Podemos escalar la autonomía de la IA en el futuro?', 'Sí. Una vez que la fiabilidad de la solución esté demostrada y su equipo confíe en el sistema, se puede reevaluar el proceso para escalar gradualmente la autonomía del Agente, siempre y cuando el riesgo inherente del proceso lo permita.', 100, '1');


-- --------------------------------------------------------

--
-- Estructura de tabla para la tabla `blog_article_lang`
--

CREATE TABLE `blog_article_lang` (
  `id` int(11) NOT NULL,
  `article` int(11) DEFAULT NULL,
  `lang_code_2a` varchar(2) COLLATE utf8_unicode_ci DEFAULT NULL,
  `slug` varchar(255) COLLATE utf8_unicode_ci DEFAULT NULL,
  `title` varchar(100) COLLATE utf8_unicode_ci DEFAULT NULL,
  `metadescription` longtext COLLATE utf8_unicode_ci,
  `picture_alt_text` varchar(255) COLLATE utf8_unicode_ci DEFAULT NULL,
  `text` longtext COLLATE utf8_unicode_ci,
  `faq_title` varchar(160) COLLATE utf8_unicode_ci DEFAULT NULL
) ENGINE=InnoDB DEFAULT CHARSET=utf8 COLLATE=utf8_unicode_ci;

--
-- Volcado de datos para la tabla `blog_article_lang`
--

INSERT INTO `blog_article_lang` (`id`, `article`, `lang_code_2a`, `slug`, `title`, `metadescription`, `picture_alt_text`, `text`, `faq_title`) VALUES
( 1, 1, 'en', 'what-are-ai-agents', 'What are AI Agents? The key to sustainable business growth', 'Discover what AI Agents are and how they differ from RPA. Learn why this technology is the single most powerful tool for UK business growth and efficiency.', 'Illustration of AI agents optimizing business workflows', '&lt;div class=&quot;blog_article_paragraph&quot;&gt;\r\n                &lt;p&gt;\r\n                    For years, the world of business efficiency has been dominated by &lt;b&gt;Robotic Process Automation (RPA).&lt;/b&gt; While RPA was revolutionary in handling repetitive tasks, modern challenges demand more than simple repetition—they require &lt;b&gt;intelligence&lt;/b&gt;.\r\n                &lt;/p&gt;\r\n                &lt;p&gt;\r\n                    This is the era of the &lt;b&gt;AI Agent.&lt;/b&gt; If you are looking to scale your company, break free from operational bottlenecks, and achieve true, measurable growth, understanding the power of AI Agents is the essential first step.\r\n                &lt;/p&gt;\r\n                &lt;p&gt;\r\n                    This article clarifies what an &lt;b&gt;AI Agent&lt;/b&gt; is, why it is radically different from traditional automation, and how it becomes the most powerful tool for generating &lt;b&gt;sustainable business growth.&lt;/b&gt;\r\n                &lt;/p&gt;\r\n            &lt;/div&gt;\r\n            &lt;div class=&quot;blog_article_h2&quot;&gt;\r\n                &lt;h2&gt;\r\n                    RPA vs. AI Agents: The difference between following and thinking\r\n                &lt;/h2&gt;\r\n            &lt;/div&gt;\r\n            &lt;div class=&quot;blog_article_paragraph&quot;&gt;\r\n                &lt;p&gt;\r\n                    The main distinction lies in their core capability:\r\n                &lt;/p&gt;\r\n            &lt;/div&gt;\r\n            &lt;div class=&quot;blog_article_list&quot;&gt;\r\n                &lt;ul&gt;\r\n                    &lt;li&gt;&lt;b&gt;RPA (The Follower):&lt;/b&gt; Traditional RPA is task-specific. It follows rigid, pre-programmed rules (if X happens, then do Y). It is excellent for clear, predictable, high-volume tasks. However, it cannot adapt, learn, or make decisions in ambiguous situations. When a process encounters an exception, the RPA system stops.&lt;/li&gt;\r\n                    &lt;li&gt;&lt;b&gt;AI Agent (The Thinker):&lt;/b&gt; An AI Agent, often based on Machine Learning and Large Language Models (LLMs), not only follows rules but can &lt;b&gt;reason, plan, and execute multi-step tasks.&lt;/b&gt; It learns from data, adapts to changes in the process, and can handle ambiguity (e.g., interpreting a text-free email request). The AI Agent is not just software; it is a &lt;b&gt;digital team member&lt;/b&gt; capable of autonomously solving problems within defined limits.&lt;/li&gt;\r\n                &lt;/ul&gt;\r\n            &lt;/div&gt;\r\n            &lt;div class=&quot;blog_article_highlight&quot;&gt;\r\n                &lt;div class=&quot;blog_article_highlight_container&quot;&gt;\r\n                    &lt;div class=&quot;blog_article_highlight_content&quot;&gt;\r\n                        &lt;span&gt;\r\n                             RPA only follows fixed rules; AI Agents can reason, plan, and adapt. This capability is key to overcoming bottlenecks.\r\n                        &lt;/span&gt;\r\n                    &lt;/div&gt;\r\n                &lt;/div&gt;\r\n            &lt;/div&gt;\r\n            &lt;div class=&quot;blog_article_h2&quot;&gt;\r\n                &lt;h2&gt;\r\n                    Why AI Agents are key to business growth\r\n                &lt;/h2&gt;\r\n            &lt;/div&gt;\r\n            &lt;div class=&quot;blog_article_paragraph&quot;&gt;\r\n                &lt;p&gt;\r\n                    For businesses seeking exponential growth, AI Agents provide solutions where traditional methods fail:\r\n                &lt;/p&gt;\r\n            &lt;/div&gt;\r\n            &lt;div class=&quot;blog_article_list&quot;&gt;\r\n                &lt;ul&gt;\r\n                    &lt;li&gt;&lt;b&gt;Handling complexity:&lt;/b&gt; They can manage end-to-end processes that involve data analysis, communication (emails/chat), and decision-making—tasks too complex for RPA alone.&lt;/li&gt;\r\n                    &lt;li&gt;&lt;b&gt;True scalability:&lt;/b&gt; Since Agents can handle ambiguity and exceptions, they can process massive volumes of work without requiring human intervention for every minor issue. This allows the business to scale operations without proportionally increasing personnel.&lt;/li&gt;\r\n                    &lt;li&gt;&lt;b&gt;Focus on strategic value:&lt;/b&gt; By taking over high-friction tasks (data entry, drafting initial reports, customer classification), Agents free up highly skilled human teams to focus on strategy, creativity, and direct customer relationships—where the human touch is irreplaceable.&lt;/li&gt;\r\n                &lt;/ul&gt;\r\n            &lt;/div&gt;\r\n            &lt;div class=&quot;blog_article_paragraph&quot;&gt;\r\n                &lt;p&gt;\r\n                    The result is a direct impact on the &lt;b&gt;Return on Investment (ROI)&lt;/b&gt;, not only through cost reduction but through significant revenue growth.\r\n                &lt;/p&gt;\r\n            &lt;/div&gt;\r\n            &lt;div class=&quot;blog_article_h2&quot;&gt;\r\n                &lt;h2&gt;\r\n                    The pillars of success with AI Agents\r\n                &lt;/h2&gt;\r\n            &lt;/div&gt;\r\n            &lt;div class=&quot;blog_article_paragraph&quot;&gt;\r\n                &lt;p&gt;\r\n                    Implementing AI Agents requires a strategic approach to guarantee a positive outcome:\r\n                &lt;/p&gt;\r\n            &lt;/div&gt;\r\n            &lt;div class=&quot;blog_article_list&quot;&gt;\r\n                &lt;ol&gt;\r\n                    &lt;li&gt;&lt;b&gt;Strategic process selection:&lt;/b&gt; Success begins by identifying the processes with the highest cost of time, highest volume, and highest risk of human error. These are the &quot;quick wins&quot; that ensure a fast ROI.&lt;/li&gt;\r\n                    &lt;li&gt;&lt;b&gt;Solutions tailored to you:&lt;/b&gt; A generic solution will always fail. Altira Automations focuses on designing Agents that are &lt;b&gt;tailored to the specific culture and systems&lt;/b&gt; of your company (ERP, CRM, etc.), ensuring seamless and effective integration.&lt;/li&gt;\r\n                    &lt;li&gt;&lt;b&gt;Human trust and control:&lt;/b&gt; We integrate the human factor not as an obstacle, but as a crucial layer of validation. The Agents are designed to function as &quot;copilots,&quot; allowing human teams to review and refine critical actions before execution, guaranteeing &lt;b&gt;100%&lt;/b&gt; reliability and minimizing operational risk.&lt;/li&gt;\r\n                &lt;/ol&gt;\r\n            &lt;/div&gt;\r\n            &lt;div class=&quot;blog_article_highlight&quot;&gt;\r\n                &lt;div class=&quot;blog_article_highlight_container&quot;&gt;\r\n                    &lt;div class=&quot;blog_article_highlight_content&quot;&gt;\r\n                        &lt;span&gt;\r\n                          AI Agents enable true scalability by managing complexity. Success requires strategic selection and bespoke solutions tailored to your unique systems.\r\n                        &lt;/span&gt;\r\n                    &lt;/div&gt;\r\n                &lt;/div&gt;\r\n            &lt;/div&gt;\r\n            &lt;div class=&quot;blog_article_paragraph&quot;&gt;\r\n                &lt;p&gt;\r\n                    AI Agents are more than a technological trend; they are the necessary evolution of automation. They offer the ability to scale your operations, reduce critical errors, and direct your human talent toward true business growth.\r\n                &lt;/p&gt;\r\n                &lt;p&gt;\r\n                    If your company is ready to take the step toward &lt;b&gt;sustainable and intelligent growth&lt;/b&gt; in the UK market, the time to understand and implement AI Agents is now.\r\n                &lt;/p&gt;\r\n                &lt;p style=&quot;font-weight: bold&quot;&gt;\r\n                    Ready to scale? Contact us today to map your first AI Agent process.\r\n                &lt;/p&gt;\r\n                &lt;p&gt;\r\n                   &lt;a href=&quot;/contact&quot;&gt;contact us&lt;/a&gt;.\r\n                &lt;/p&gt;\r\n            &lt;/div&gt;', 'Frequently asked questions about  AI Agent Automation'),
( 2, 1, 'es', 'que-es-una-automatizacion-ia', '¿Qué es una Automatización IA y cómo impulsa tu negocio?', 'Descubre la automatización de procesos empresariales con agentes de IA. Aumenta la productividad, reduce costes y escala tu negocio de forma segura.', 'Ilustración de agentes IA optimizando flujos de trabajo de negocio', '&lt;div class=&quot;blog_article_paragraph&quot;&gt;\r\n    &lt;p&gt;\r\n        Hola y bienvenido/a al blog de Altira Automations. En el mundo empresarial actual, una pregunta resuena en cada oficina y sala de juntas: &lt;b&gt;&quot;¿Cómo podemos hacer más con menos?&quot;&lt;/b&gt;\r\n    &lt;/p&gt;\r\n    &lt;p&gt;\r\n        La respuesta está en el poder de la automatización. Pero no hablamos solo de simples macros o herramientas preprogramadas; nos referimos a la &lt;b&gt;Automatización Inteligente&lt;/b&gt; impulsada por &lt;b&gt;Agentes de Inteligencia Artificial.&lt;/b&gt;\r\n    &lt;/p&gt;\r\n    &lt;p&gt;\r\n        Este concepto ha dejado de ser una tecnología futurista para convertirse en una herramienta indispensable para dueños de pequeños negocios, directores de grandes empresas y profesionales que buscan la máxima eficiencia.\r\n    &lt;/p&gt;\r\n    &lt;p&gt;\r\n        En este artículo, desgranaremos qué es exactamente la automatización de procesos empresariales (BPA), cómo la IA la lleva al siguiente nivel y por qué es el momento de que su empresa empiece a escalar de verdad.\r\n    &lt;/p&gt;\r\n&lt;/div&gt;\r\n&lt;div class=&quot;blog_article_h2&quot;&gt;\r\n    &lt;h2&gt;\r\n        Desmitificando el concepto: ¿Qué es la Automatización Empresarial?\r\n    &lt;/h2&gt;\r\n&lt;/div&gt;\r\n&lt;div class=&quot;blog_article_paragraph&quot;&gt;\r\n    &lt;p&gt;\r\n        En su esencia más pura, la automatización empresarial consiste en utilizar la tecnología para ejecutar tareas y procesos que, de otro modo, requerirían intervención humana manual. El objetivo principal es la &lt;b&gt;liberación de recursos&lt;/b&gt; valiosos.\r\n    &lt;/p&gt;\r\n    &lt;p&gt;\r\n        Piense en su empresa. Hay tareas que se repiten una y otra vez: la entrada de datos en una base de clientes, el envío de correos electrónicos de seguimiento, la generación de informes contables, la gestión de inventario, etc. Estas tareas suelen ser tediosas, consumen tiempo y, al ser manuales, son propensas a errores humanos.\r\n    &lt;/p&gt;\r\n    &lt;p&gt;\r\n        La automatización de procesos, a través de software o bots, toma el relevo en estas actividades rutinarias. Al delegar estas funciones, su equipo puede centrarse en lo que realmente aporta valor: &lt;b&gt;la estrategia, la creatividad, la interacción humana&lt;/b&gt; compleja y la toma de decisiones. Es un cambio de paradigma: pasar de &quot;trabajar duro&quot; a &lt;b&gt;&quot;trabajar de forma inteligente y estratégica&quot;.&lt;/b&gt;\r\n    &lt;/p&gt;\r\n&lt;/div&gt;\r\n&lt;div class=&quot;blog_article_h2&quot;&gt;\r\n    &lt;h2&gt;\r\n        El Salto Cuántico: Agentes IA como el Corazón de Altir\r\n    &lt;/h2&gt;\r\n&lt;/div&gt;\r\n&lt;div class=&quot;blog_article_paragraph&quot;&gt;\r\n    &lt;p&gt;\r\n        La automatización tradicional es excelente, pero la &lt;b&gt;Automatización Inteligente (AI)&lt;/b&gt;, el foco de Altira Automations, es donde la magia ocurre. Los Agentes de IA añaden una capa de &lt;b&gt;inteligencia, adaptabilidad y aprendizaje&lt;/b&gt; a la automatización.\r\n    &lt;/p&gt;\r\n    &lt;p&gt;\r\n        Un &lt;i&gt;bot&lt;/i&gt; de automatización normal sigue una regla: &quot;Si X ocurre, haz Y&quot;. Un &lt;b&gt;Agente de IA&lt;/b&gt; hace esto y mucho más. Puede:\r\n    &lt;/p&gt;\r\n&lt;/div&gt;\r\n&lt;div class=&quot;blog_article_list&quot;&gt;\r\n    &lt;ul&gt;\r\n        &lt;li&gt;&lt;b&gt;Aprender y mejorar:&lt;/b&gt; Detecta patrones en los datos y ajusta su comportamiento para ser más eficiente con el tiempo.&lt;/li&gt;\r\n        &lt;li&gt;&lt;b&gt;Tomar decisiones:&lt;/b&gt; Analiza información no estructurada (como un correo electrónico o un documento escaneado) y decide la mejor acción a seguir.&lt;/li&gt;\r\n        &lt;li&gt;&lt;b&gt;Manejar excepciones:&lt;/b&gt; Si un proceso se sale de la norma, el agente de IA puede intentar resolverlo o escalarlo de forma inteligente.&lt;/li&gt;\r\n    &lt;/ul&gt;\r\n&lt;/div&gt;\r\n&lt;div class=&quot;blog_article_paragraph&quot;&gt;\r\n    &lt;p&gt;\r\n        En Altira Automations, implementamos estas soluciones a medida para que se adapten a la complejidad única de sus procesos. De esta manera, el sistema no solo ejecuta la tarea, sino que optimiza el proceso completo.\r\n    &lt;/p&gt;\r\n&lt;/div&gt;\r\n&lt;div class=&quot;blog_article_highlight&quot;&gt;\r\n    &lt;div class=&quot;blog_article_highlight_container&quot;&gt;\r\n        &lt;div class=&quot;blog_article_highlight_content&quot;&gt;\r\n            &lt;span&gt;\r\n                La automatización impulsa la eficiencia al liberar a su equipo de tareas repetitivas. La IA añade la capacidad de aprender, tomar decisiones y manejar procesos complejos.\r\n            &lt;/span&gt;\r\n        &lt;/div&gt;\r\n    &lt;/div&gt;\r\n&lt;/div&gt;\r\n&lt;div class=&quot;blog_article_h2&quot;&gt;\r\n    &lt;h2&gt;\r\n        Beneficios Irrefutables: ¿Por Qué Automatizar Ahora\r\n    &lt;/h2&gt;\r\n&lt;/div&gt;\r\n&lt;div class=&quot;blog_article_paragraph&quot;&gt;\r\n    &lt;p&gt;\r\n        Tanto si dirige una Pyme que necesita maximizar cada minuto, como si es un director de una gran empresa que busca optimizar departamentos enteros, los beneficios de la automatización inteligente son universales:\r\n    &lt;/p&gt;\r\n&lt;/div&gt;\r\n&lt;div class=&quot;blog_article_list&quot;&gt;\r\n    &lt;ol&gt;\r\n        &lt;li&gt;&lt;b&gt;Aumento Dramático de la Productividad:&lt;/b&gt; Las máquinas trabajan 24/7 sin descanso. Un proceso que a un humano le lleva una hora, un Agente IA puede completarlo en minutos.&lt;/li&gt;\r\n        &lt;li&gt;&lt;b&gt;Reducción Drástica de Errores:&lt;/b&gt; Al eliminar el error humano en tareas repetitivas de entrada o gestión de datos, se asegura una calidad y precisión del 100%.&lt;/li&gt;\r\n        &lt;li&gt;&lt;b&gt;Ahorro de Costes Operacionales:&lt;/b&gt; La eficiencia se traduce directamente en menores costes laborales y operativos a largo plazo.&lt;/li&gt;\r\n        &lt;li&gt;&lt;b&gt;Escalabilidad sin Límites:&lt;/b&gt; ¿Necesita manejar un aumento repentino en la demanda? Un sistema automatizado escala instantáneamente sin necesidad de contratar y capacitar a nuevo personal.&lt;/li&gt;\r\n        &lt;li&gt;&lt;b&gt;Seguridad y Confidencialidad (El pilar de Altira):&lt;/b&gt; Los procesos automatizados son auditables y consistentes. En Altira, priorizamos la seguridad y la confidencialidad en el diseño de nuestras soluciones a medida, asegurando que sus datos sensibles estén siempre protegidos.&lt;/li&gt;\r\n    &lt;/ol&gt;\r\n&lt;/div&gt;\r\n&lt;div class=&quot;blog_article_h2&quot;&gt;\r\n    &lt;h2&gt;\r\n        Ejemplos Prácticos de Automatización IA\r\n    &lt;/h2&gt;\r\n&lt;/div&gt;\r\n&lt;div class=&quot;blog_article_paragraph&quot;&gt;\r\n    &lt;p&gt;\r\n        La automatización no es solo para gigantes tecnológicos. Aquí hay tres ejemplos claros de cómo las soluciones de Altira Automations están ayudando a empresas reales:\r\n    &lt;/p&gt;\r\n&lt;/div&gt;\r\n&lt;div class=&quot;blog_article_list&quot;&gt;\r\n    &lt;ul&gt;\r\n        &lt;li&gt;&lt;b&gt;En Finanzas y Contabilidad:&lt;/b&gt; Automatización de la gestión de facturas. El Agente IA lee, clasifica, verifica los datos con el sistema ERP y procesa el pago, marcando excepciones solo si detecta fraude o inconsistencias.&lt;/li&gt;\r\n        &lt;li&gt;&lt;b&gt;En Atención al Cliente:&lt;/b&gt; Implementación de &lt;i&gt;chatbots&lt;/i&gt; inteligentes que no solo responden preguntas frecuentes, sino que pueden acceder a la base de datos del cliente, resolver incidencias de primer nivel y crear tickets de soporte automáticamente.&lt;/li&gt;\r\n        &lt;li&gt;&lt;b&gt;En Recursos Humanos:&lt;/b&gt; Automatización del proceso de onboarding de nuevos empleados: el Agente IA recopila documentos, genera contratos, inscribe al empleado en los sistemas internos y envía correos de bienvenida programados.&lt;/li&gt;\r\n    &lt;/ul&gt;\r\n&lt;/div&gt;\r\n&lt;div class=&quot;blog_article_highlight&quot;&gt;\r\n    &lt;div class=&quot;blog_article_highlight_container&quot;&gt;\r\n        &lt;div class=&quot;blog_article_highlight_content&quot;&gt;\r\n            &lt;span&gt;\r\n               Los principales beneficios son el trabajo 24/7, la precisión sin errores y la escalabilidad. Altira ofrece soluciones a medida priorizando la seguridad.\r\n            &lt;/span&gt;\r\n        &lt;/div&gt;\r\n    &lt;/div&gt;\r\n&lt;/div&gt;\r\n&lt;div class=&quot;blog_article_h2&quot;&gt;\r\n    &lt;h2&gt;\r\n        tu socio en la Transformación Digital\r\n    &lt;/h2&gt;\r\n&lt;/div&gt;\r\n&lt;div class=&quot;blog_article_paragraph&quot;&gt;\r\n    &lt;p&gt;\r\n        Esperamos que esta introducción haya iluminado el potencial de la Automatización IA. Es la llave para desbloquear el verdadero potencial de su negocio, permitiéndole escalar, ahorrar y competir en el mercado del futuro.\r\n    &lt;/p&gt;\r\n    &lt;p&gt;\r\n        En &lt;a href=&quot;/&quot;&gt;Altira Automations&lt;/a&gt;, nuestra &lt;a&gt;profesionalidad, confidencialidad y enfoque en soluciones a medida&lt;/a&gt; garantizan que su salto a la digitalización sea seguro, fluido y exitoso. No se trata solo de implementar tecnología, sino de construir un futuro más eficiente para su empresa.\r\n    &lt;/p&gt;\r\n&lt;/div&gt;', 'Preguntas frecuentes'),
( 3, 2, 'es', '5-automatizaciones-que-toda-pyme-deberia-tener', '5 automatizaciones que toda PYME española debería tener', 'Descubre las 5 automatizaciones que toda PYME española debe tener antes de 2026 para ahorrar tiempo, reducir costes y aumentar ventas.', 'Persona trabajando en un ordenador con iconos de automatización, como facturas, chatbot, gráficos, etc. que representa la digitalización de las PYMES en España.', '&lt;div class=&quot;blog_article_paragraph&quot;&gt;\r\n                &lt;p&gt;\r\n                    Las PYMES que no automatizan sus procesos clave están poniendo en riesgo su rentabilidad, su crecimiento y su capacidad para competir.\r\n                &lt;/p&gt;\r\n                &lt;p&gt;\r\n                    No necesitas un equipo de IT ni un presupuesto de 50.000€.\r\n                &lt;/p&gt;\r\n                &lt;p&gt;\r\n                    Estas son las 5 automatizaciones más efectivas — y que nadie te está contando en español.\r\n                &lt;/p&gt;\r\n            &lt;/div&gt;\r\n            &lt;div class=&quot;blog_article_h2&quot;&gt;\r\n                &lt;h2&gt;\r\n                    1. Automatización de la facturación y seguimiento de cobros\r\n                &lt;/h2&gt;\r\n            &lt;/div&gt;\r\n            &lt;div class=&quot;blog_article_paragraph&quot;&gt;\r\n                &lt;p&gt;\r\n                    ¿Cuántas horas al mes pierdes gestionando facturas, recordatorios y cobros? En España, el 68% de las PYMES tienen retrasos en cobros por falta de seguimiento automático.\r\n                &lt;/p&gt;\r\n                &lt;p&gt;\r\n                    La solución: Conecta a tu sistema de facturación ERP (Facturae, Sage, o incluso Excel) con nuestra solución que:\r\n                &lt;/p&gt;\r\n            &lt;/div&gt;\r\n            &lt;div class=&quot;blog_article_list&quot;&gt;\r\n                &lt;ul&gt;\r\n                    &lt;li&gt;Sube facturas o tickets desde una foto en Whatsapp a tu ERP&lt;/li&gt;\r\n                    &lt;li&gt;Gestione los vencimientos de esas facturas.&lt;/li&gt;\r\n                    &lt;li&gt;Envíe un recordatorio automático 3 días antes del vencimiento.&lt;/li&gt;\r\n                    &lt;li&gt;Notifique por WhatsApp al cliente el estado de los pagos.&lt;/li&gt;\r\n                    &lt;li&gt;...&lt;/li&gt;\r\n                &lt;/ul&gt;\r\n            &lt;/div&gt;\r\n            &lt;div class=&quot;blog_article_highlight&quot;&gt;\r\n                &lt;div class=&quot;blog_article_highlight_container&quot;&gt;\r\n                    &lt;div class=&quot;blog_article_highlight_content&quot;&gt;\r\n                        &lt;span&gt;\r\n                            Una empresa de consultoría en Sevilla redujo los cobros pendientes de 15 días a 4 días, y aumentó su flujo de caja en un 32%.\r\n                        &lt;/span&gt;\r\n                    &lt;/div&gt;\r\n                &lt;/div&gt;\r\n            &lt;/div&gt;\r\n            &lt;div class=&quot;blog_article_h2&quot;&gt;\r\n                &lt;h2&gt;\r\n                    2. Gestión automática de pedidos y stock\r\n                &lt;/h2&gt;\r\n            &lt;/div&gt;\r\n            &lt;div class=&quot;blog_article_paragraph&quot;&gt;\r\n                &lt;p&gt;\r\n                    ¿Has perdido una venta porque un cliente llamó y te dijeron “no tenemos stock”? En España, el 41% de las PYMES de comercio minorista pierden ventas por falta de sincronización entre tienda online y almacén.\r\n                &lt;/p&gt;\r\n                &lt;p&gt;\r\n                    La solución: Con nuestra solución conecta tu tienda online (Shopify, WooCommerce) con tu gestor de inventario (Odoo, Zoho Inventory). Cuando se venda un producto:\r\n                &lt;/p&gt;\r\n            &lt;/div&gt;\r\n            &lt;div class=&quot;blog_article_list&quot;&gt;\r\n                &lt;ul&gt;\r\n                    &lt;li&gt;Se descuenta automáticamente del stock.&lt;/li&gt;\r\n                    &lt;li&gt;Se envía un email al cliente con el tracking.&lt;/li&gt;\r\n                    &lt;li&gt;Se genera una alerta si el stock baja de 3 unidades (lo decides tú).&lt;/li&gt;\r\n                    &lt;li&gt;...&lt;/li&gt;\r\n                &lt;/ul&gt;\r\n            &lt;/div&gt;\r\n            &lt;div class=&quot;blog_article_highlight&quot;&gt;\r\n                &lt;div class=&quot;blog_article_highlight_container&quot;&gt;\r\n                    &lt;div class=&quot;blog_article_highlight_content&quot;&gt;\r\n                        &lt;span&gt;\r\n                           Una tienda de artículos de jardín en Tarragona redujo sus errores de stock en un 90% y aumentó sus ventas en un 21%.\r\n                        &lt;/span&gt;\r\n                    &lt;/div&gt;\r\n                &lt;/div&gt;\r\n            &lt;/div&gt;\r\n            &lt;div class=&quot;blog_article_h2&quot;&gt;\r\n                &lt;h2&gt;\r\n                    3. Atención al cliente con agentes IA sin programación\r\n                &lt;/h2&gt;\r\n            &lt;/div&gt;\r\n            &lt;div class=&quot;blog_article_paragraph&quot;&gt;\r\n                &lt;p&gt;\r\n                    ¿Cuántas veces has tenido que responder a la misma pregunta: “¿Cuánto cuesta?”, “¿Tienen envío a Canarias?”, “¿Cuánto tarda?”\r\n                &lt;/p&gt;\r\n                &lt;p&gt;\r\n                    La solución: Usa un agente IA que lo haga por tí. Las voces ya no son sintéticas, son fabulosas. Entrena al bot con tus respuestas frecuentes y conecta con WhatsApp y tu web.\r\n                &lt;/p&gt;\r\n            &lt;/div&gt;\r\n            &lt;div class=&quot;blog_article_list&quot;&gt;\r\n                &lt;ul&gt;\r\n                    &lt;li&gt;Responde preguntas 24/7.&lt;/li&gt;\r\n                    &lt;li&gt;Recoge datos del cliente (nombre, teléfono, necesidad).&lt;/li&gt;\r\n                    &lt;li&gt;Deriva a un humano si la pregunta es compleja.&lt;/li&gt;\r\n                    &lt;li&gt;...&lt;/li&gt;\r\n                &lt;/ul&gt;\r\n            &lt;/div&gt;\r\n            &lt;div class=&quot;blog_article_highlight&quot;&gt;\r\n                &lt;div class=&quot;blog_article_highlight_container&quot;&gt;\r\n                    &lt;div class=&quot;blog_article_highlight_content&quot;&gt;\r\n                        &lt;span&gt;\r\n                           Un taller de reparación en Zaragoza redujo su carga de atención al cliente en un 65% y aumentó sus citas programadas en un 40%.\r\n                        &lt;/span&gt;\r\n                    &lt;/div&gt;\r\n                &lt;/div&gt;\r\n            &lt;/div&gt;\r\n            &lt;div class=&quot;blog_article_h2&quot;&gt;\r\n                &lt;h2&gt;\r\n                    4. Automatización de la gestión de leads desde redes sociales\r\n                &lt;/h2&gt;\r\n            &lt;/div&gt;\r\n            &lt;div class=&quot;blog_article_paragraph&quot;&gt;\r\n                &lt;p&gt;\r\n                    ¿Recibes mensajes en Instagram o Facebook y los pierdes entre el caos del día? El 73% de las PYMES no responden a mensajes en redes en menos de 24 horas.\r\n                &lt;/p&gt;\r\n                &lt;p&gt;\r\n                    Usa nuetra solución para conectar tus redes sociales con Google Sheets o HubSpot. Cada vez que alguien te escriba:\r\n                &lt;/p&gt;\r\n            &lt;/div&gt;\r\n            &lt;div class=&quot;blog_article_list&quot;&gt;\r\n                &lt;ul&gt;\r\n                    &lt;li&gt;Se crea un registro automático con su nombre, mensaje y red.&lt;/li&gt;\r\n                    &lt;li&gt;Se envía un email de bienvenida con tu catálogo.&lt;/li&gt;\r\n                    &lt;li&gt;Se agrega a una lista de seguimiento.&lt;/li&gt;\r\n                    &lt;li&gt;...&lt;/li&gt;\r\n                &lt;/ul&gt;\r\n            &lt;/div&gt;\r\n            &lt;div class=&quot;blog_article_highlight&quot;&gt;\r\n                &lt;div class=&quot;blog_article_highlight_container&quot;&gt;\r\n                    &lt;div class=&quot;blog_article_highlight_content&quot;&gt;\r\n                        &lt;span&gt;\r\n                           Un diseñador gráfico en Ourense captó 18 nuevos clientes en 30 días sin levantar la cabeza de su escritorio.\r\n                        &lt;/span&gt;\r\n                    &lt;/div&gt;\r\n                &lt;/div&gt;\r\n            &lt;/div&gt;\r\n            &lt;div class=&quot;blog_article_h2&quot;&gt;\r\n                &lt;h2&gt;\r\n                    5. Informes semanales automáticos de KPIs\r\n                &lt;/h2&gt;\r\n            &lt;/div&gt;\r\n            &lt;div class=&quot;blog_article_paragraph&quot;&gt;\r\n                &lt;p&gt;\r\n                    ¿Te pasas el lunes por la mañana haciendo tablas de Excel para ver cómo fue la semana? Eso no es trabajo. Eso es pérdida de tiempo.\r\n                &lt;/p&gt;\r\n                &lt;p&gt;\r\n                    a solución: Conecta tus herramientas (Google Analytics, CRM, facturación) con Power BI o Data Studio. Configura un informe semanal que te llegue por email los lunes a las 9:00.\r\n                &lt;/p&gt;\r\n            &lt;/div&gt;\r\n            &lt;div class=&quot;blog_article_list&quot;&gt;\r\n                &lt;ul&gt;\r\n                    &lt;li&gt;Ventas de la semana.&lt;/li&gt;\r\n                    &lt;li&gt;Clientes nuevos.&lt;/li&gt;\r\n                    &lt;li&gt;Conversiones por canal.&lt;/li&gt;\r\n                    &lt;li&gt;Coste por adquisición.&lt;/li&gt;\r\n                    &lt;li&gt;...&lt;/li&gt;\r\n                &lt;/ul&gt;\r\n            &lt;/div&gt;\r\n            &lt;div class=&quot;blog_article_highlight&quot;&gt;\r\n                &lt;div class=&quot;blog_article_highlight_container&quot;&gt;\r\n                    &lt;div class=&quot;blog_article_highlight_content&quot;&gt;\r\n                        &lt;span&gt;\r\n                           Un restaurante en Bilbao tomó decisiones de compra basadas en datos, no en intuiciones — y aumentó su margen en un 18%.\r\n                        &lt;/span&gt;\r\n                    &lt;/div&gt;\r\n                &lt;/div&gt;\r\n            &lt;/div&gt;\r\n            &lt;div class=&quot;blog_article_h2&quot;&gt;\r\n                &lt;h2&gt;\r\n                    ¿Qué sigue?\r\n                &lt;/h2&gt;\r\n            &lt;/div&gt;\r\n            &lt;div class=&quot;blog_article_paragraph&quot;&gt;\r\n                &lt;p&gt;\r\n                    Estas 5 soluciones de automatizaciones no requieren saber de programación. Solo requieren de uno de nuestros servicios. Y si lo haces ahora, en 2026 estarás 3 años por delante de tu competencia.\r\n                &lt;/p&gt;\r\n                &lt;p&gt;\r\n                    ¿Quieres que te ayude a implementar una de ellas en tu empresa?\r\n                &lt;/p&gt;\r\n                &lt;p&gt;\r\n                    Agenda una evaluación &lt;b&gt;gratuita de 30 minutos&lt;/b&gt; y te mostramos cómo automatizar tu proceso más pesado.\r\n                &lt;/p&gt;\r\n                &lt;p&gt;\r\n                    Haz clic aquí para agendar tu sesión: &lt;a href=&quot;/altiraautomations.com/&quot;&gt;evaluacion gratuita&lt;/a&gt;\r\n                &lt;/p&gt;\r\n            &lt;/div&gt;', 'Preguntas frecuentes (FAQ) sobre procesos de automatización para PYMES'),
( 4, 2, 'en', '5-essential-automations', '5 Essential automations every UK SME should implement now', 'Boost efficiency and cash flow. Discover the 5 most effective AI automations UK SMEs need to implement to compete, scale, and eliminate manual errors.', 'Persona trabajando en un ordenador con iconos de automatización, como facturas, chatbot, gráficos, etc. que representa la digitalización de las PYMES en España.', '&lt;div class=&quot;blog_article_paragraph&quot;&gt;\r\n                &lt;p&gt;\r\n                    SMEs (Small and Medium-sized Enterprises) that fail to automate their core processes are jeopardizing their profitability, growth, and ability to compete.\r\n                &lt;/p&gt;\r\n                &lt;p&gt;\r\n                    You don\'t need a massive IT team or a £50,000 budget.\r\n                &lt;/p&gt;\r\n                &lt;p&gt;\r\n                    These are the &lt;b&gt;5 most effective automations&lt;/b&gt;—the solutions that truly move the needle—that no one in the UK market is talking about yet.\r\n                &lt;/p&gt;\r\n            &lt;/div&gt;\r\n            &lt;div class=&quot;blog_article_h2&quot;&gt;\r\n                &lt;h2&gt;\r\n                    1. Automated Invoicing and Collections Tracking\r\n                &lt;/h2&gt;\r\n            &lt;/div&gt;\r\n            &lt;div class=&quot;blog_article_paragraph&quot;&gt;\r\n                &lt;p&gt;\r\n                    How many hours per month do you waste managing invoices, chasing payments, and sending reminders? In the UK, late payments are a significant factor impacting the cash flow of small businesses.\r\n                &lt;/p&gt;\r\n                &lt;p&gt;\r\n                    &lt;b&gt;The solution:&lt;/b&gt; Connect your invoicing system (Xero, QuickBooks, or even a local spreadsheet) with our &lt;b&gt;AI Agent Solution&lt;/b&gt; that can:\r\n                &lt;/p&gt;\r\n            &lt;/div&gt;\r\n            &lt;div class=&quot;blog_article_list&quot;&gt;\r\n                &lt;ul&gt;\r\n                    &lt;li&gt;Upload invoices or receipts from a photo or email directly to your ERP.&lt;/li&gt;\r\n                    &lt;li&gt;Manage the due dates and payment terms automatically.&lt;/li&gt;\r\n                    &lt;li&gt;Send an automated payment reminder email 3 days before the due date.&lt;/li&gt;\r\n                    &lt;li&gt;Notify the client via email or SMS about the payment status.&lt;/li&gt;\r\n                    &lt;li&gt;...&lt;/li&gt;\r\n                &lt;/ul&gt;\r\n            &lt;/div&gt;\r\n            &lt;div class=&quot;blog_article_paragraph&quot;&gt;\r\n                &lt;p&gt;\r\n                    &lt;b&gt;Real-World result:&lt;/b&gt; A consulting firm in &lt;b&gt;Manchester&lt;/b&gt; reduced its outstanding collection time from 15 days to just 4 days, boosting their &lt;b&gt;cash flow by 32%.&lt;/b&gt;\r\n                &lt;/p&gt;\r\n            &lt;/div&gt;\r\n            &lt;div class=&quot;blog_article_h2&quot;&gt;\r\n                &lt;h2&gt;\r\n                    2. Automatic Order and Inventory Management\r\n                &lt;/h2&gt;\r\n            &lt;/div&gt;\r\n            &lt;div class=&quot;blog_article_paragraph&quot;&gt;\r\n                &lt;p&gt;\r\n                    Have you ever lost a sale because a customer called and you had to say, “Sorry, we’re out of stock”? Lack of synchronization between the online shop and the warehouse is a common source of lost revenue.\r\n                &lt;/p&gt;\r\n                &lt;p&gt;\r\n                    &lt;b&gt;The solution:&lt;/b&gt; Our AI &lt;b&gt;Agent Solution&lt;/b&gt; seamlessly connects your online store (Shopify, WooCommerce) with your inventory management system (Odoo, Zoho Inventory, or bespoke systems). When a product is sold:\r\n                &lt;/p&gt;\r\n            &lt;/div&gt;\r\n            &lt;div class=&quot;blog_article_list&quot;&gt;\r\n                &lt;ul&gt;\r\n                    &lt;li&gt;It is automatically deducted from stock across all platforms.&lt;/li&gt;\r\n                    &lt;li&gt;A confirmation email with the tracking link is sent to the customer instantly.&lt;/li&gt;\r\n                    &lt;li&gt;It generates a low-stock alert if inventory drops below a set threshold (you decide the number).&lt;/li&gt;\r\n                    &lt;li&gt;...&lt;/li&gt;\r\n                &lt;/ul&gt;\r\n            &lt;/div&gt;\r\n            &lt;div class=&quot;blog_article_paragraph&quot;&gt;\r\n                &lt;p&gt;\r\n                    &lt;b&gt;Real-World result:&lt;/b&gt; A garden supplies retailer in &lt;b&gt;Bristol&lt;/b&gt; reduced its stock errors by 90% and increased sales by 21% by eliminating overselling and underselling.\r\n                &lt;/p&gt;\r\n            &lt;/div&gt;\r\n            &lt;div class=&quot;blog_article_highlight&quot;&gt;\r\n                &lt;div class=&quot;blog_article_highlight_container&quot;&gt;\r\n                    &lt;div class=&quot;blog_article_highlight_content&quot;&gt;\r\n                        &lt;span&gt;\r\n                             Automate your cash flow and stock. AI Agents track payments, send reminders, and sync inventory across all online platforms.\r\n                        &lt;/span&gt;\r\n                    &lt;/div&gt;\r\n                &lt;/div&gt;\r\n            &lt;/div&gt;\r\n            &lt;div class=&quot;blog_article_h2&quot;&gt;\r\n                &lt;h2&gt;\r\n                    3. AI Agent Customer Service Without Programming\r\n                &lt;/h2&gt;\r\n            &lt;/div&gt;\r\n            &lt;div class=&quot;blog_article_paragraph&quot;&gt;\r\n                &lt;p&gt;\r\n                    How often do you or your team have to answer the same repetitive questions: “How much does it cost?”, “Do you ship to Scotland?”, “What is the delivery time?”\r\n                &lt;/p&gt;\r\n                &lt;p&gt;\r\n                    &lt;b&gt;The solution:&lt;/b&gt; Deploy an &lt;b&gt;AI Agent&lt;/b&gt; trained on your specific business knowledge base to handle these queries. The voices are no longer synthetic; they are fabulous and natural. Train the bot with your FAQs and connect it to your website chat and social media messaging.\r\n                &lt;/p&gt;\r\n            &lt;/div&gt;\r\n            &lt;div class=&quot;blog_article_list&quot;&gt;\r\n                &lt;ul&gt;\r\n                    &lt;li&gt;Answers common questions 24/7, even outside UK business hours.&lt;/li&gt;\r\n                    &lt;li&gt;Collects crucial client data (name, phone, specific need).&lt;/li&gt;\r\n                    &lt;li&gt;Derives and escalates complex queries seamlessly to a human team member.&lt;/li&gt;\r\n                    &lt;li&gt;...&lt;/li&gt;\r\n                &lt;/ul&gt;\r\n            &lt;/div&gt;\r\n            &lt;div class=&quot;blog_article_paragraph&quot;&gt;\r\n                &lt;p&gt;\r\n                    &lt;b&gt;Real-World result:&lt;/b&gt; A vehicle repair workshop in &lt;b&gt;Birmingham&lt;/b&gt; cut its customer service workload by 65% and increased scheduled appointments by 40% because the Agent pre-qualified every lead.\r\n                &lt;/p&gt;\r\n            &lt;/div&gt;\r\n            &lt;div class=&quot;blog_article_h2&quot;&gt;\r\n                &lt;h2&gt;\r\n                    4. Automated Lead Management from Social Media\r\n                &lt;/h2&gt;\r\n            &lt;/div&gt;\r\n            &lt;div class=&quot;blog_article_paragraph&quot;&gt;\r\n                &lt;p&gt;\r\n                    Do you receive inquiries on Instagram or Facebook only to lose them in the daily chaos? Slow response times on social media directly translate to lost opportunities.\r\n                &lt;/p&gt;\r\n                &lt;p&gt;\r\n                    &lt;b&gt;The solution:&lt;/b&gt; Use our &lt;b&gt;AI Agent Solution&lt;/b&gt; to connect your social media channels (Instagram, Facebook) directly with your CRM or Google Sheets. Every time someone sends you a message:\r\n                &lt;/p&gt;\r\n            &lt;/div&gt;\r\n            &lt;div class=&quot;blog_article_list&quot;&gt;\r\n                &lt;ul&gt;\r\n                    &lt;li&gt;An automatic record is created with their name, message content, and platform source.&lt;/li&gt;\r\n                    &lt;li&gt;A personalized welcome email with your catalogue or service guide is sent immediately.&lt;/li&gt;\r\n                    &lt;li&gt;They are added to a specific follow-up list for your sales team.&lt;/li&gt;\r\n                    &lt;li&gt;...&lt;/li&gt;\r\n                &lt;/ul&gt;\r\n            &lt;/div&gt;\r\n            &lt;div class=&quot;blog_article_paragraph&quot;&gt;\r\n                &lt;p&gt;\r\n                    &lt;b&gt;Real-World result:&lt;/b&gt; A graphic design agency in &lt;b&gt;Leeds&lt;/b&gt; captured 18 new qualified clients in 30 days without distracting their designers from their core work.\r\n                &lt;/p&gt;\r\n            &lt;/div&gt;\r\n            &lt;div class=&quot;blog_article_highlight&quot;&gt;\r\n                &lt;div class=&quot;blog_article_highlight_container&quot;&gt;\r\n                    &lt;div class=&quot;blog_article_highlight_content&quot;&gt;\r\n                        &lt;span&gt;\r\n                          Capture leads 24/7. Use AI Agents to answer FAQs and instantly log social media messages into your CRM for follow-up.\r\n                        &lt;/span&gt;\r\n                    &lt;/div&gt;\r\n                &lt;/div&gt;\r\n            &lt;/div&gt;\r\n            &lt;div class=&quot;blog_article_h2&quot;&gt;\r\n                &lt;h2&gt;\r\n                    5. Automatic Weekly KPI Reporting\r\n                &lt;/h2&gt;\r\n            &lt;/div&gt;\r\n            &lt;div class=&quot;blog_article_paragraph&quot;&gt;\r\n                &lt;p&gt;\r\n                    Do you spend Monday morning pulling data into spreadsheets just to see how the previous week performed? That is not working; that is wasting precious time.\r\n                &lt;/p&gt;\r\n                &lt;p&gt;\r\n                    &lt;b&gt;The solution:&lt;/b&gt; Connect your existing tools (Google Analytics, CRM, Invoicing) with a dashboard solution like Power BI or Looker Studio. Configure a weekly report to arrive in your inbox every Monday at 9:00 AM.\r\n                &lt;/p&gt;\r\n            &lt;/div&gt;\r\n            &lt;div class=&quot;blog_article_list&quot;&gt;\r\n                &lt;ul&gt;\r\n                    &lt;li&gt;Weekly Sales performance.&lt;/li&gt;\r\n                    &lt;li&gt;New customer acquisition rate.&lt;/li&gt;\r\n                    &lt;li&gt;Conversions by channel.&lt;/li&gt;\r\n                    &lt;li&gt;Customer Acquisition Cost (CAC).&lt;/li&gt;\r\n                    &lt;li&gt;...&lt;/li&gt;\r\n                &lt;/ul&gt;\r\n            &lt;/div&gt;\r\n            &lt;div class=&quot;blog_article_paragraph&quot;&gt;\r\n                &lt;p&gt;\r\n                    &lt;b&gt;Real-World result:&lt;/b&gt; A restaurant chain in &lt;b&gt;London&lt;/b&gt; made purchasing decisions based on hard data, not intuition—and increased their profit margin by 18%.\r\n                    What’s Next?\r\n                &lt;/p&gt;\r\n            &lt;/div&gt;\r\n            &lt;div class=&quot;blog_article_paragraph&quot;&gt;\r\n                &lt;p&gt;\r\n                    These &lt;b&gt;5 AI Agent automations&lt;/b&gt; don\'t require you to know a single line of code. They only require one of our bespoke services. By implementing these solutions now, you will be three years ahead of your UK competition by 2026.\r\n                &lt;/p&gt;\r\n                &lt;p&gt;\r\n                    Would you like me to help you implement one of these game-changing automations in your business?\r\n                &lt;/p&gt;\r\n                &lt;p style=&quot;font-weight: bold&quot;&gt;\r\n                    Book a free 30-minute evaluation, and we will show you how to automate your biggest bottleneck.\r\n                &lt;/p&gt;\r\n                &lt;p&gt;\r\n                   &lt;a href=&quot;/contact&quot;&gt;contact us&lt;/a&gt;.\r\n                &lt;/p&gt;\r\n            &lt;/div&gt;', 'Frequently Asked Questions (FAQ) for UK SMEs');
INSERT INTO `blog_article_lang` (`id`, `article`, `lang_code_2a`, `slug`, `title`, `metadescription`, `picture_alt_text`, `text`, `faq_title`) VALUES
( 5, 3, 'en', 'ai-automation-myths-security', 'AI Automation: Myths, Security &amp;amp; Fast ROI for UK Business', 'Debunk AI implementation myths. Discover how Altira ensures data security and rapid ROI with bespoke automation solutions for your critical processes.', 'Ilustración de un escudo digital revelando procesos IA seguros, disipando mitos y miedos empresariales.', '&lt;div class=&quot;blog_article_paragraph&quot;&gt;\r\n                &lt;p&gt;\r\n                    Having explored what &lt;b&gt;AI Automation&lt;/b&gt; is and which core processes drive SME growth, many business leaders face a mental barrier: fear of implementation. This is natural. The idea of introducing &lt;b&gt;AI Agents&lt;/b&gt; into critical processes is often surrounded by myths and concerns about cost, complexity, and, most importantly, &lt;b&gt;data security.&lt;/b&gt;\r\n                &lt;/p&gt;\r\n                &lt;p&gt;\r\n                    At Altira Automations, we know that AI implementation is only successful if it is safe, transparent, and strategic. This article will dismantle the most common misconceptions and show you the clear, professional path we follow to ensure your jump to automation is a success with a &lt;b&gt;fast Return on Investment (ROI).&lt;/b&gt;\r\n                &lt;/p&gt;\r\n            &lt;/div&gt;\r\n            &lt;div class=&quot;blog_article_h2&quot;&gt;\r\n                &lt;h2&gt;\r\n                    Three Common Myths That Hinder Automation\r\n                &lt;/h2&gt;\r\n            &lt;/div&gt;\r\n            &lt;div class=&quot;blog_article_paragraph&quot;&gt;\r\n                &lt;p&gt;\r\n                    Misinformation is the main enemy of progress. It is time to break down the myths preventing many businesses from achieving efficiency:\r\n                &lt;/p&gt;\r\n            &lt;/div&gt;\r\n            &lt;div class=&quot;blog_article_paragraph&quot;&gt;\r\n                &lt;p&gt;\r\n                    &lt;b&gt;Myth 1:&lt;/b&gt; &quot;AI Automation is only for multinationals with giant budgets.&quot;\r\n                &lt;/p&gt;\r\n                &lt;p&gt;\r\n                    &lt;b&gt;Reality:&lt;/b&gt; While large corporations invest heavily, Robotic Process Automation (RPA) and AI Agents technology have been democratized. At Altira, we specialize in bespoke, modular solutions. By starting with high-impact, low-cost implementation processes, the ROI is quickly justified, making the investment accessible even for UK SMEs.\r\n                &lt;/p&gt;\r\n            &lt;/div&gt;\r\n            &lt;div class=&quot;blog_article_paragraph&quot;&gt;\r\n                &lt;p&gt;\r\n                    &lt;b&gt;Myth 2:&lt;/b&gt; &quot;ROI takes years to materialize; It\'s a Long-Term gamble.&quot;\r\n                &lt;/p&gt;\r\n                &lt;p&gt;\r\n                    &lt;b&gt;Reality:&lt;/b&gt; If the process selection is strategic (as we detailed in our previous article), the return is visible very quickly, not in years. The immediate reduction in high time-cost tasks and the elimination of human error risk free up capital and working hours from day one.\r\n                &lt;/p&gt;\r\n            &lt;/div&gt;\r\n            &lt;div class=&quot;blog_article_paragraph&quot;&gt;\r\n                &lt;p&gt;\r\n                    &lt;b&gt;Myth 3:&lt;/b&gt; &quot;Implementation is long, complicated, and slows down daily operations.&quot;\r\n                &lt;/p&gt;\r\n                &lt;p&gt;\r\n                    &lt;b&gt;Reality:&lt;/b&gt; A professional partner like Altira Automations uses the &lt;b&gt;Agile methodology.&lt;/b&gt; AI implementation is carried out in phases, often in parallel with the existing manual process (testing), minimizing any operational disruption and guaranteeing business continuity.\r\n                &lt;/p&gt;\r\n            &lt;/div&gt;\r\n            &lt;div class=&quot;blog_article_highlight&quot;&gt;\r\n                &lt;div class=&quot;blog_article_highlight_container&quot;&gt;\r\n                    &lt;div class=&quot;blog_article_highlight_content&quot;&gt;\r\n                        &lt;span&gt;\r\n                             Myths about cost and complexity are false; AI automation is accessible and offers fast ROI. Focus on quick wins.\r\n                        &lt;/span&gt;\r\n                    &lt;/div&gt;\r\n                &lt;/div&gt;\r\n            &lt;/div&gt;\r\n            &lt;div class=&quot;blog_article_h2&quot;&gt;\r\n                &lt;h2&gt;\r\n                    Altira\'s pillar: Ironclad security and confidentiality\r\n                &lt;/h2&gt;\r\n            &lt;/div&gt;\r\n            &lt;div class=&quot;blog_article_paragraph&quot;&gt;\r\n                &lt;p&gt;\r\n                    The most legitimate concern when automating processes is the management of sensitive data. At Altira Automations, Data Security and Confidentiality are not an extra; they are the heart of our professionalism and commitment to the UK market.\r\n                &lt;/p&gt;\r\n            &lt;/div&gt;\r\n            &lt;div class=&quot;blog_article_list&quot;&gt;\r\n                &lt;ul&gt;\r\n                    &lt;li&gt;&lt;b&gt;Secure infrastructure:&lt;/b&gt; Our AI Agents operate in highly controlled environments. We implement dedicated, secure infrastructures, ensuring compliance with the strictest UK security regulations (such as GDPR).&lt;/li&gt;\r\n                    &lt;li&gt;&lt;b&gt;Traceability and auditability:&lt;/b&gt; Unlike manual work (where errors can be difficult to track), every action taken by an AI Agent is logged. This provides complete process traceability, facilitating any internal or external audit.&lt;/li&gt;\r\n                    &lt;li&gt;&lt;b&gt;Minimum necessary access:&lt;/b&gt; We design AI Agents under the &lt;b&gt;&quot;principle of least privilege.&quot;&lt;/b&gt; They only have access to the data and systems strictly necessary to execute their task, shielding the rest of your business ecosystem.&lt;/li&gt;\r\n                &lt;/ul&gt;\r\n            &lt;/div&gt;\r\n            &lt;div class=&quot;blog_article_highlight&quot;&gt;\r\n                &lt;div class=&quot;blog_article_highlight_container&quot;&gt;\r\n                    &lt;div class=&quot;blog_article_highlight_content&quot;&gt;\r\n                        &lt;span&gt;\r\n                             Data security is guaranteed through compliance (GDPR), dedicated infrastructure, complete traceability, and minimum privilege access.\r\n                        &lt;/span&gt;\r\n                    &lt;/div&gt;\r\n                &lt;/div&gt;\r\n            &lt;/div&gt;\r\n            &lt;div class=&quot;blog_article_h2&quot;&gt;\r\n                &lt;h2&gt;\r\n                    Our Altira methodology: The safe path to efficienc\r\n                &lt;/h2&gt;\r\n            &lt;/div&gt;\r\n            &lt;div class=&quot;blog_article_paragraph&quot;&gt;\r\n                &lt;p&gt;\r\n                    The key to overcoming fears is having a clear and structured plan. Our methodology, aimed at achieving &lt;b&gt;Rapid ROI,&lt;/b&gt; is summarized in four transparent phases:\r\n                &lt;/p&gt;\r\n            &lt;/div&gt;\r\n            &lt;div class=&quot;blog_article_list&quot;&gt;\r\n                &lt;ul&gt;\r\n                    &lt;li&gt;&lt;b&gt;Consulting and discovery (the human factor):&lt;/b&gt; This initial phase, an essential part of our service, involves deep immersion with your team. We identify the highest-value processes (those with high risk/high time-cost) and gather nuances to ensure the solution is 100% tailored to your reality (a bespoke solution).&lt;/li&gt;\r\n                    &lt;li&gt;&lt;b&gt;Bespoke solution design:&lt;/b&gt; Based on the discovery phase, we design the AI Agent architecture. We define which technology will be used (RPA, Machine Learning, etc.) and how it will integrate seamlessly with your current systems (ERP, CRM, etc.).&lt;/li&gt;\r\n                    &lt;li&gt;&lt;b&gt;Implementation, testing, and go-live:&lt;/b&gt; The AI Agent is built, and then subjected to rigorous testing in a controlled environment. Only when precision is guaranteed and your team is trained, does the Agent transition to the productive environment (Go-Live).&lt;/li&gt;\r\n                    &lt;li&gt;&lt;b&gt;Support and continuous optimization:&lt;/b&gt; Automation is not static. We offer continuous support, monitor the AI Agent\'s performance, and make adjustments to further optimize the process, ensuring the benefit is sustained long-term.&lt;/li&gt;\r\n                &lt;/ul&gt;\r\n            &lt;/div&gt;\r\n            &lt;div class=&quot;blog_article_highlight&quot;&gt;\r\n                &lt;div class=&quot;blog_article_highlight_container&quot;&gt;\r\n                    &lt;div class=&quot;blog_article_highlight_content&quot;&gt;\r\n                        &lt;span&gt;\r\n                          Our method includes Discovery, Bespoke Design, rigorous Testing before Go-Live, and Continuous Support to maximise success.\r\n                        &lt;/span&gt;\r\n                    &lt;/div&gt;\r\n                &lt;/div&gt;\r\n            &lt;/div&gt;\r\n            &lt;div class=&quot;blog_article_h2&quot;&gt;\r\n                &lt;h2&gt;\r\n                    Your trusted partner in transformation\r\n                &lt;/h2&gt;\r\n            &lt;/div&gt;\r\n            &lt;div class=&quot;blog_article_paragraph&quot;&gt;\r\n                &lt;p&gt;\r\n                    The fear of the unknown is natural, but it should not halt your business potential. Process AI Automation with AI Agents is the most powerful tool for scaling, provided it is approached with professionalism and security.\r\n                &lt;/p&gt;\r\n                &lt;p&gt;\r\n                    At Altira Automations, we don\'t just implement technology; we offer the guarantee that your digital transformation will be secure, confidential, and have a clear path to a fast ROI.\r\n                &lt;/p&gt;\r\n                &lt;p style=&quot;font-weight: bold&quot;&gt;\r\n                    If you are ready to take the step, but want to do so with the peace of mind of having an expert partner by your side, contact us. Let\'s discuss your most challenging process, and how we can automate it without risk.\r\n                &lt;/p&gt;\r\n                &lt;p&gt;\r\n                    &lt;a href=&quot;/contact&quot;&gt;contact us&lt;/a&gt; today to ensure your AI implementation is secure, compliant, and delivers fast ROI.\r\n                &lt;/p&gt;\r\n            &lt;/div&gt;', 'Frequently Asked Questions about AI Implementation and Security'),
( 6, 3, 'es', 'automatizacion-ia-mitos-realidades-y-seguridad', 'Automatización IA: Mitos, Realidades y Seguridad', 'Derriba los mitos de la implementación IA. Descubre cómo Altira garantiza la seguridad de datos y un ROI rápido con soluciones de automatización a medida.', 'Ilustración de un escudo digital revelando procesos IA seguros, disipando mitos y miedos empresariales.', '&lt;div class=&quot;blog_article_paragraph&quot;&gt;\r\n                &lt;p&gt;\r\n                    Tras explorar qué es la Automatización con Agentes IA y cuáles son los procesos clave que impulsan el crecimiento de las PYMES, muchos líderes empresariales se encuentran con una barrera mental: &lt;b&gt;el miedo a la implementación.&lt;/b&gt;\r\n                &lt;/p&gt;\r\n                &lt;p&gt;\r\n                    Es natural. La idea de introducir Agentes IA en procesos críticos a menudo está rodeada de &lt;b&gt;mitos y preocupaciones&lt;/b&gt; sobre costes, complejidad y, lo más importante, la &lt;b&gt;seguridad de los datos.&lt;/b&gt;\r\n                    En Altira Automations, sabemos que la implementación IA solo es exitosa si es segura, transparente y estratégica.\r\n                &lt;/p&gt;\r\n                &lt;p&gt;\r\n                    En Altira Automations, sabemos que la &lt;b&gt;implementación IA&lt;/b&gt; solo es exitosa si es &lt;b&gt;segura, transparente y estratégica.&lt;/b&gt;\r\n                &lt;/p&gt;\r\n                &lt;p&gt;\r\n                    Este artículo desmantelaremos las creencias erróneas más comunes y te mostraremos el camino claro y profesional que seguimos para garantizar que su salto a la automatización sea un éxito con un &lt;b&gt;Retorno de la inversión (ROI) rápido.&lt;/b&gt;\r\n                &lt;/p&gt;\r\n            &lt;/div&gt;\r\n            &lt;div class=&quot;blog_article_h2&quot;&gt;\r\n                &lt;h2&gt;\r\n                    Tres mitos comunes que frenan la automatización\r\n                &lt;/h2&gt;\r\n            &lt;/div&gt;\r\n            &lt;div class=&quot;blog_article_paragraph&quot;&gt;\r\n                &lt;h3&gt;\r\n                    Mito 1: &quot;La automatización IA es solo para multinacionales con presupuestos gigantes.&quot;\r\n                &lt;/h3&gt;\r\n                &lt;p&gt;\r\n                    &lt;b&gt;Realidad:&lt;/b&gt; Si bien las grandes corporaciones invierten mucho, la tecnología Automatización Robótica de Procesos (RPA) y los Agentes IA se han democratizado.\r\n                &lt;/p&gt;\r\n                &lt;p&gt;\r\n                    En Altira somos especialistas en &lt;b&gt;soluciones a medida&lt;/b&gt; y modulares.\r\n                &lt;/p&gt;\r\n                &lt;p&gt;\r\n                    Al empezar con procesos de alto impacto y bajo coste de implementación, el ROI se justifica rápidamente, haciendo que la inversión sea accesible incluso para pequeñas y medianas empresas.\r\n                &lt;/p&gt;\r\n            &lt;/div&gt;\r\n            &lt;div class=&quot;blog_article_paragraph&quot;&gt;\r\n                &lt;h3&gt;\r\n                    Mito 2: &quot;El ROI tarda años en materializarse, es una apuesta a largo plazo.&quot;\r\n                &lt;/h3&gt;\r\n                &lt;p&gt;\r\n                    &lt;b&gt;Realidad:&lt;/b&gt; Si la selección del proceso es estratégica (como enseñamos en nuestro artículo anterior), el retorno se ve muy rápidamente y no en años.\r\n                &lt;/p&gt;\r\n                &lt;p&gt;\r\n                    La reducción inmediata del &lt;b&gt;alto coste de tiempo&lt;/b&gt; y la eliminación del &lt;b&gt;riesgo de error humano&lt;/b&gt; liberan capital y horas de trabajo desde el primer momento.\r\n                &lt;/p&gt;\r\n            &lt;/div&gt;\r\n            &lt;div class=&quot;blog_article_paragraph&quot;&gt;\r\n                &lt;h3&gt;\r\n                    Mito 3: &quot;La implementación es larga, complicada y frena la operación diaria.&quot;\r\n                &lt;/h3&gt;\r\n                &lt;p&gt;\r\n                    &lt;b&gt;Realidad:&lt;/b&gt; Un socio profesional como Altira Automations utilizamos la metodología Agile. La &lt;b&gt;implementación IA&lt;/b&gt; se realiza de forma escalonada, a menudo en paralelo con el proceso manual (pruebas), minimizando cualquier interrupción operativa y garantizando la continuidad del negocio.\r\n                &lt;/p&gt;\r\n            &lt;/div&gt;\r\n            &lt;div class=&quot;blog_article_h2&quot;&gt;\r\n                &lt;h2&gt;\r\n                    El pilar de Altira: Seguridad y confidencialidad blindadas\r\n                &lt;/h2&gt;\r\n            &lt;/div&gt;\r\n            &lt;div class=&quot;blog_article_paragraph&quot;&gt;\r\n                &lt;p&gt;\r\n                    La preocupación más legítima al &lt;b&gt;automatizar procesos&lt;/b&gt; es la gestión de datos sensibles. En Altira Automations, la &lt;b&gt;Seguridad de Datos&lt;/b&gt; y la &lt;b&gt;Confidencialidad&lt;/b&gt; no son un extra, son el corazón de nuestra profesionalidad.\r\n                &lt;/p&gt;\r\n            &lt;/div&gt;\r\n            &lt;div class=&quot;blog_article_list&quot;&gt;\r\n                &lt;ul&gt;\r\n                    &lt;li&gt;&lt;b&gt;Infraestructura Segura:&lt;/b&gt; Nuestros Agentes IA operan en entornos altamente controlados. Implementamos infraestructuras dedicadas, garantizando el cumplimiento de las normativas de seguridad más estrictas (como el RGPD europeo).&lt;/li&gt;\r\n                    &lt;li&gt;&lt;b&gt;Trazabilidad y Auditoría:&lt;/b&gt; A diferencia del trabajo manual (donde los errores pueden ser difíciles de rastrear), cada acción de un Agente IA queda registrada. Esto ofrece una &lt;b&gt;trazabilidad completa&lt;/b&gt; del proceso, facilitando cualquier auditoría interna o externa.&lt;/li&gt;\r\n                    &lt;li&gt;&lt;b&gt;Acceso Mínimo Necesario:&lt;/b&gt; Diseñamos los Agentes IA bajo el principio de &quot;mínimo privilegio&quot;. Solo tienen acceso a los datos y sistemas estrictamente necesarios para ejecutar su tarea, blindando el resto de su ecosistema empresarial.&lt;/li&gt;\r\n                &lt;/ul&gt;\r\n            &lt;/div&gt;\r\n            &lt;div class=&quot;blog_article_highlight&quot;&gt;\r\n                &lt;div class=&quot;blog_article_highlight_container&quot;&gt;\r\n                    &lt;div class=&quot;blog_article_highlight_content&quot;&gt;\r\n                        &lt;span&gt;\r\n                            Los mitos sobre coste y complejidad son falsos; la automatización IA es accesible y ofrece un ROI rápido. La seguridad de datos está garantizada mediante entornos controlados y auditorías constantes.\r\n                        &lt;/span&gt;\r\n                    &lt;/div&gt;\r\n                &lt;/div&gt;\r\n            &lt;/div&gt;\r\n            &lt;div class=&quot;blog_article_h2&quot;&gt;\r\n                &lt;h2&gt;\r\n                    Nuestra metodología Altira: El camino seguro hacia la eficiencia\r\n                &lt;/h2&gt;\r\n            &lt;/div&gt;\r\n            &lt;div class=&quot;blog_article_paragraph&quot;&gt;\r\n                &lt;p&gt;\r\n                    La clave para superar los miedos es tener un plan claro y estructurado. Nuestra metodología, orientada a obtener ROI Rápido, se resume en cuatro fases transparentes:\r\n                &lt;/p&gt;\r\n            &lt;/div&gt;\r\n            &lt;div class=&quot;blog_article_list&quot;&gt;\r\n                &lt;ul&gt;\r\n                    &lt;li&gt;&lt;b&gt;Consultoría y descubrimiento (El factor humano):&lt;/b&gt; Esta fase inicial, parte esencial de nuestro servicio, implica una inmersión profunda con tu equipo. Identificamos los procesos de mayor valor (los de alto riesgo/alto coste de tiempo) y recogemos los matices para asegurar que la solución se adapte 100% a tu realidad (solución a medida).&lt;/li&gt;\r\n                    &lt;li&gt;&lt;b&gt;Diseño de solución a medida:&lt;/b&gt; Basados en el descubrimiento, diseñamos la arquitectura del Agente IA. Se define qué tecnología se usará (RPA, Machine Learning, etc.) y cómo se integrará sin fricción con sus sistemas actuales (ERP, CRM, etc.).&lt;/li&gt;\r\n                    &lt;li&gt;&lt;b&gt;Implementación, ruebas y Go-Live:&lt;/b&gt; El Agente IA es construido, y luego sometido a rigurosas pruebas en un entorno controlado. Solo cuando la precisión está garantizada y su equipo está capacitado, el Agente pasa al entorno productivo (Go-Live).&lt;/li&gt;\r\n                    &lt;li&gt;&lt;b&gt;Soporte y optimización continua:&lt;/b&gt; La automatización no es estática. Ofrecemos soporte continuo, monitoreamos el rendimiento del Agente IA y realizamos ajustes para optimizar aún más el proceso, asegurando que el beneficio se mantenga a largo plazo./li&gt;\r\n                &lt;/ul&gt;\r\n            &lt;/div&gt;\r\n            &lt;div class=&quot;blog_article_highlight&quot;&gt;\r\n                &lt;div class=&quot;blog_article_highlight_container&quot;&gt;\r\n                    &lt;div class=&quot;blog_article_highlight_content&quot;&gt;\r\n                        &lt;span&gt;\r\n                          La metodología de Altira pasa por el Descubrimiento con el equipo, el Diseño a Medida, la Implementación con rigurosas pruebas y el Soporte continuo para maximizar el éxito.\r\n                        &lt;/span&gt;\r\n                    &lt;/div&gt;\r\n                &lt;/div&gt;\r\n            &lt;/div&gt;\r\n            &lt;div class=&quot;blog_article_h2&quot;&gt;\r\n                &lt;h2&gt;\r\n                    Tu socio de confianza en la transformación\r\n                &lt;/h2&gt;\r\n            &lt;/div&gt;\r\n            &lt;div class=&quot;blog_article_paragraph&quot;&gt;\r\n                &lt;p&gt;\r\n                    El miedo a lo desconocido es natural, pero no debe frenar el potencial de tu negocio. La &lt;b&gt;automatización de procesos&lt;/b&gt; con Agentes IA es la herramienta más poderosa para escalar, siempre y cuando se aborde con &lt;b&gt;profesionalidad y seguridad.&lt;/b&gt;\r\n                &lt;/p&gt;\r\n                &lt;p&gt;\r\n                    En Altira Automations, no solo implementamos tecnología; ofrecemos la garantía de que su transformación digital será &lt;b&gt;segura, confidencial&lt;/b&gt; y con un camino claro hacia un &lt;b&gt;ROI rápido&lt;/b&gt;.\r\n                &lt;/p&gt;\r\n                &lt;p&gt;\r\n                    Si estás listo para dar el paso, pero quiere hacerlo con la tranquilidad de tener un socio experto a su lado, &lt;a href=&quot;/contacto&quot;&gt;contacta&lt;/a&gt; con nosotros. Hablemos de tu proceso más temido, y cómo podemos automatizarlo sin riesgo.\r\n                &lt;/p&gt;\r\n            &lt;/div&gt;', 'Preguntas frecuentes'),
( 7, 4, 'en', 'ai-gents-reliability-and-the-critical-human-factor', 'AI Agents: Reliability and the critical human factor', 'Is your AI reliable for critical processes? Discover why certainty demands human oversight and the responsible Copilot Model (Human-in-the-Loop).', 'Altira\'s Copilot Model: Human-in-the-Loop intervention in AI automation to ensure 100% reliability in critical business processes.', '&lt;div class=&quot;blog_article_paragraph&quot;&gt;\r\n                &lt;p&gt;\r\n                    Professional networks are filled with demos showcasing &lt;b&gt;AI Agents&lt;/b&gt; with astonishing autonomy. The narrative of systems that reason and act entirely on their own is powerful, but the operational reality of a business demands a more relevant question: &lt;b&gt;Can we fully trust AI to manage critical business processes?&lt;/b&gt;\r\n                &lt;/p&gt;\r\n                &lt;p&gt;\r\n                    Sector experience demonstrates that an Agent\'s value is not measured by its autonomy in a lab environment, but by its &lt;b&gt;measurable reliability&lt;/b&gt; in the real business environment. To successfully implement AI, we must shift focus: move beyond the hype of total autonomy and concentrate on &lt;b&gt;safe and responsible implementation strategies.&lt;/b&gt;\r\n                &lt;/p&gt;\r\n            &lt;/div&gt;\r\n            &lt;div class=&quot;blog_article_h2&quot;&gt;\r\n                &lt;h2&gt;\r\n                    The hidden risk of &quot;almost perfect&quot; automation\r\n                &lt;/h2&gt;\r\n            &lt;/div&gt;\r\n            &lt;div class=&quot;blog_article_paragraph&quot;&gt;\r\n                &lt;p&gt;\r\n                    The most advanced AI models often achieve success rates of 80% to 85% on complex, controlled tasks. While an 8 out of 10 is considered a pass in academia, in a company\'s critical operations, a &lt;b&gt;15% to 20% error rate is an intolerable risk.&lt;/b&gt;\r\n                &lt;/p&gt;\r\n                &lt;p&gt;\r\n                    When automating billing management or inventory, a failure in one out of every five operations can generate a repair cost (rework, losses, or accounting errors) that voids any efficiency savings. The fundamental problem is not that Agents fail, but that in full autonomy, they are &lt;b&gt;not 100% deterministic.&lt;/b&gt; Critical operations demand certainty, not just high probability.\r\n                &lt;/p&gt;\r\n            &lt;/div&gt;\r\n            &lt;div class=&quot;blog_article_h2&quot;&gt;\r\n                &lt;h2&gt;\r\n                    The danger of the false negative: A case study\r\n                &lt;/h2&gt;\r\n            &lt;/div&gt;\r\n            &lt;div class=&quot;blog_article_paragraph&quot;&gt;\r\n                &lt;p&gt;\r\n                    To fully grasp the risk, consider an example: automated triage of sales emails.\r\n                &lt;/p&gt;\r\n            &lt;/div&gt;\r\n            &lt;div class=&quot;blog_article_list&quot;&gt;\r\n                &lt;ul&gt;\r\n                    &lt;li&gt;&lt;b&gt;False positive:&lt;/b&gt; The AI mistakes spam for an opportunity and escalates it to a human. The cost is low (a few seconds lost).&lt;/li&gt;\r\n                    &lt;li&gt;&lt;b&gt;False negative (catastrophic):&lt;/b&gt; The AI mistakes a high-value lead for a generic query and applies a standard automated response. The cost is a &lt;b&gt;lost business opportunity and reputational damage.&lt;/b&gt;&lt;/li&gt;\r\n                &lt;/ul&gt;\r\n            &lt;/div&gt;\r\n            &lt;div class=&quot;blog_article_paragraph&quot;&gt;\r\n                &lt;p&gt;\r\n                    The most mature and responsible solution in the industry is to recognize that autonomous decision-making in ambiguous contexts remains risky. It is imperative to &lt;b&gt;design for failure&lt;/b&gt; and incorporate a supervision system.\r\n                &lt;/p&gt;\r\n            &lt;/div&gt;\r\n            &lt;div class=&quot;blog_article_highlight&quot;&gt;\r\n                &lt;div class=&quot;blog_article_highlight_container&quot;&gt;\r\n                    &lt;div class=&quot;blog_article_highlight_content&quot;&gt;\r\n                        &lt;span&gt;\r\n                            Reliability demands more than 80% success. Catastrophic risk is in False Negatives, mitigated by human oversight.\r\n                        &lt;/span&gt;\r\n                    &lt;/div&gt;\r\n                &lt;/div&gt;\r\n            &lt;/div&gt;\r\n            &lt;div class=&quot;blog_article_h2&quot;&gt;\r\n                &lt;h2&gt;\r\n                    The responsible strategy: The copilot model and human intervention\r\n                &lt;/h2&gt;\r\n            &lt;/div&gt;\r\n            &lt;div class=&quot;blog_article_paragraph&quot;&gt;\r\n                &lt;p&gt;\r\n                    Abandoning AI is not an option, but adjusting the level of autonomy to the level of process risk is. The safest model with the highest ROI today is the &lt;b&gt;Intelligent Copilot Model&lt;/b&gt;, where AI amplifies human capacity.\r\n                &lt;/p&gt;\r\n                &lt;p&gt;\r\n                    This model of responsible implementation is based on the following best practices:\r\n                &lt;/p&gt;\r\n            &lt;/div&gt;\r\n            &lt;div class=&quot;blog_article_list&quot;&gt;\r\n                &lt;ul&gt;\r\n                    &lt;li&gt;&lt;b&gt;AI as a draft generator:&lt;/b&gt; The AI does not execute the final action (e.g., sending the email or validating payment), but rather &lt;b&gt;generates the proposed action&lt;/b&gt; (the response draft, the classified data, the pre-reconciled report).&lt;/li&gt;\r\n                    &lt;li&gt;&lt;b&gt;The human as a strategic validator:&lt;/b&gt; The professional only needs to review and validate the AI\'s proposal. The cost of verification is negligible compared to the cost of doing the work from scratch, thus maintaining efficiency gains.&lt;/li&gt;\r\n                    &lt;li&gt;&lt;b&gt;Mandatory calibration and testing:&lt;/b&gt; In any professional implementation process, there must be a testing phase where &lt;b&gt;human intervention (Human-in-the-Loop)&lt;/b&gt; is mandatory. This fine-tuning period is crucial to ensure 100% precision before launch, minimizing operational risk.&lt;/li&gt;\r\n                &lt;/ul&gt;\r\n            &lt;/div&gt;\r\n            &lt;div class=&quot;blog_article_paragraph&quot;&gt;\r\n                &lt;p&gt;\r\n                    The question that defines success is: Is the cost of verifying the Agent\'s work significantly less than the cost of doing the work myself? If the answer is yes, the solution is viable and offers immediate ROI.\r\n                &lt;/p&gt;\r\n            &lt;/div&gt;\r\n            &lt;div class=&quot;blog_article_highlight&quot;&gt;\r\n                &lt;div class=&quot;blog_article_highlight_container&quot;&gt;\r\n                    &lt;div class=&quot;blog_article_highlight_content&quot;&gt;\r\n                        &lt;span&gt;\r\n                          The safest AI model is the Intelligent Copilot with mandatory human-in-the-loop intervention and control.\r\n                        &lt;/span&gt;\r\n                    &lt;/div&gt;\r\n                &lt;/div&gt;\r\n            &lt;/div&gt;\r\n            &lt;div class=&quot;blog_article_paragraph&quot;&gt;\r\n                &lt;p&gt;\r\n                    Successful &lt;b&gt;AI Automation&lt;/b&gt; implementation requires a pragmatic vision. The real value today is not in total replacement, but in talent amplification through intelligent orchestration.\r\n                &lt;/p&gt;\r\n                &lt;p&gt;\r\n                    If your organization seeks to implement &lt;b&gt;AI Agents&lt;/b&gt; in critical operations and requires the guarantee of a professional partner who prioritizes &lt;b&gt;reliability, security,&lt;/b&gt; and a clear path to &lt;b&gt;ROI&lt;/b&gt;, we can help you.\r\n                &lt;/p&gt;\r\n                &lt;p&gt;\r\n                    &lt;a href=&quot;/contact&quot;&gt;Let\'s talk reliability.&lt;/a&gt; Let\'s design the perfect AI Copilot for your business together.\r\n                &lt;/p&gt;\r\n            &lt;/div&gt;', 'Frequently Asked Questions about AI Agent Reliability'),
( 8, 4, 'es', 'agentes-ia-fiabilidad-y-factor-humano', 'Agentes IA: Fiabilidad y factor humano', '¿Es tu IA fiable para procesos críticos? Desmontamos el hype. Descubre por qué la fiabilidad se mide en la calidad de la intervención humana.', 'Modelo Copiloto de Altira: Intervención humana en la automatización IA para garantizar el 100% de fiabilidad en procesos críticos.', '&lt;div class=&quot;blog_article_paragraph&quot;&gt;\r\n                &lt;p&gt;\r\n                    Las redes profesionales están llenas de &lt;i&gt;demos&lt;/i&gt; que muestran Agentes IA con una autonomía sorprendente. La narrativa de sistemas que razonan y actúan por sí mismos es potente, pero la realidad operativa de una empresa exige una pregunta más relevante, &lt;b&gt;¿Podemos confiar plenamente en la IA para gestionar procesos de negocio críticos?&lt;/b&gt;\r\n                &lt;/p&gt;\r\n                &lt;p&gt;\r\n                    La experiencia en el sector demuestra que el valor de un Agente no se mide por su autonomía en un entorno de laboratorio, sino por su &lt;b&gt;fiabilidad medible&lt;/b&gt; en el entorno de la empresa. Para implementar la IA con éxito, debemos cambiar el enfoque, dejar el &lt;i&gt;hype&lt;/i&gt; de la autonomía total y centrarnos en &lt;b&gt;estrategias de implementación seguras y responsables.&lt;/b&gt;\r\n                &lt;/p&gt;\r\n            &lt;/div&gt;\r\n            &lt;div class=&quot;blog_article_h2&quot;&gt;\r\n                &lt;h2&gt;\r\n                    El riesgo oculto del &quot;Notable&quot; en la automatización\r\n                &lt;/h2&gt;\r\n            &lt;/div&gt;\r\n            &lt;div class=&quot;blog_article_paragraph&quot;&gt;\r\n                &lt;p&gt;\r\n                    Los modelos de IA más avanzados suelen alcanzar tasas de éxito del 80% al 85% en tareas complejas y controladas. Si bien un 8 sobre 10 es un notable en lo académico, en la operación crítica de una empresa, &lt;b&gt;un 15% a 20% de tasa de error es un riesgo intolerable.&lt;/b&gt;\r\n                &lt;/p&gt;\r\n                &lt;p&gt;\r\n                    Cuando se automatiza la gestión de facturación o de inventario, un fallo en una de cada cinco operaciones puede generar un coste de reparación (retrabajo, pérdidas o errores contables) que anula cualquier ahorro de eficiencia. El problema fundamental no es que los Agentes fallen, sino que en autonomía total no son &lt;b&gt;100% deterministas.&lt;/b&gt;\r\n                &lt;/p&gt;\r\n                &lt;p&gt;\r\n                    Las operaciones críticas exigen certeza, no altas probabilidades.\r\n                &lt;/p&gt;\r\n            &lt;/div&gt;\r\n            &lt;div class=&quot;blog_article_h2&quot;&gt;\r\n                &lt;h2&gt;\r\n                    El Peligro del Falso Negativo: Un Caso de Estudio\r\n                &lt;/h2&gt;\r\n            &lt;/div&gt;\r\n            &lt;div class=&quot;blog_article_paragraph&quot;&gt;\r\n                &lt;p&gt;\r\n                    Para comprender el riesgo, veamos un ejemplo: triaje automático de correos comerciales.\r\n                &lt;/p&gt;\r\n            &lt;/div&gt;\r\n            &lt;div class=&quot;blog_article_list&quot;&gt;\r\n                &lt;ul&gt;\r\n                    &lt;li&gt;&lt;b&gt;Falso Positivo:&lt;/b&gt; La IA confunde &lt;i&gt;spam&lt;/i&gt; con una oportunidad y lo escala a un humano. El coste es bajo (unos segundos perdidos).&lt;/li&gt;\r\n                    &lt;li&gt;&lt;b&gt;Falso Negativo (Catastrófico):&lt;/b&gt; La IA confunde un &lt;i&gt;lead&lt;/i&gt; de alto valor con una consulta genérica y le aplica una respuesta automatizada estándar. El coste es una &lt;b&gt;oportunidad de negocio perdida y un daño reputacional.&lt;/b&gt;&lt;/li&gt;\r\n                &lt;/ul&gt;\r\n            &lt;/div&gt;\r\n            &lt;div class=&quot;blog_article_paragraph&quot;&gt;\r\n                &lt;p&gt;\r\n                    La solución más madura y responsable en el sector es reconocer que la toma de decisiones autónoma en contextos ambiguos sigue siendo arriesgada. Es imperativo &lt;b&gt;diseñar para el fallo&lt;/b&gt; e incorporar un sistema de supervisión.\r\n                &lt;/p&gt;\r\n            &lt;/div&gt;\r\n            &lt;div class=&quot;blog_article_highlight&quot;&gt;\r\n                &lt;div class=&quot;blog_article_highlight_container&quot;&gt;\r\n                    &lt;div class=&quot;blog_article_highlight_content&quot;&gt;\r\n                        &lt;span&gt;\r\n                             La fiabilidad en procesos críticos exige más que un 80% de éxito.\r\n                        &lt;/span&gt;\r\n                    &lt;/div&gt;\r\n                &lt;/div&gt;\r\n            &lt;/div&gt;\r\n            &lt;div class=&quot;blog_article_h2&quot;&gt;\r\n                &lt;h2&gt;\r\n                    La estrategia responsable: El modelo copiloto y la intervención humana\r\n                &lt;/h2&gt;\r\n            &lt;/div&gt;\r\n            &lt;div class=&quot;blog_article_paragraph&quot;&gt;\r\n                &lt;p&gt;\r\n                    Abandonar la IA no es una opción, pero sí lo es &lt;b&gt;ajustar el nivel de autonomía al nivel de riesgo del proceso.&lt;/b&gt; El modelo más seguro y de mayor ROI hoy es el del &lt;b&gt;Copiloto Inteligente&lt;/b&gt;, donde la IA amplifica la capacidad humana.\r\n                &lt;/p&gt;\r\n                &lt;p&gt;\r\n                    Este modelo de implementación responsable se basa en las siguientes buenas prácticas:\r\n                &lt;/p&gt;\r\n            &lt;/div&gt;\r\n            &lt;div class=&quot;blog_article_list&quot;&gt;\r\n                &lt;ul&gt;\r\n                    &lt;li&gt;&lt;b&gt;IA como generador de borradores: &lt;/b&gt; La IA no ejecuta la acción final (ej. enviar el correo o validar el pago), sino que &lt;b&gt;genera la propuesta de acción&lt;/b&gt; (el borrador de respuesta, el dato clasificado, el informe pre-conciliado).&lt;/li&gt;\r\n                    &lt;li&gt;&lt;b&gt;El humano como validador estratégico:&lt;/b&gt; l profesional solo debe revisar y validar la propuesta de la IA. El coste de la verificación es ínfimo comparado con el coste de hacer el trabajo desde cero, manteniendo la ganancia de eficiencia.&lt;/li&gt;\r\n                    &lt;li&gt;&lt;b&gt;Calibración y prueba obligatoria:&lt;/b&gt; En todo proceso de implementación profesional, debe existir una &lt;b&gt;fase de prueba donde la intervención humana es obligatoria (Human in the loop)&lt;/b&gt;. Este periodo de calibración fina es crucial para asegurar la precisión del 100% antes de la puesta en marcha, minimizando el riesgo operativo.&lt;/li&gt;\r\n                &lt;/ul&gt;\r\n            &lt;/div&gt;\r\n            &lt;div class=&quot;blog_article_paragraph&quot;&gt;\r\n                &lt;p&gt;\r\n                    La pregunta que define el éxito es: &lt;b&gt;¿Es el coste de verificar el trabajo del agente significativamente menor que el coste de hacer el trabajo yo mismo?&lt;/b&gt; Si la respuesta es afirmativa, la solución es viable y de ROI inmediato.\r\n                &lt;/p&gt;\r\n            &lt;/div&gt;\r\n            &lt;div class=&quot;blog_article_highlight&quot;&gt;\r\n                &lt;div class=&quot;blog_article_highlight_container&quot;&gt;\r\n                    &lt;div class=&quot;blog_article_highlight_content&quot;&gt;\r\n                        &lt;span&gt;\r\n                          El modelo de IA más seguro es el Copiloto Inteligente con intervención humana obligatoria.\r\n                        &lt;/span&gt;\r\n                    &lt;/div&gt;\r\n                &lt;/div&gt;\r\n            &lt;/div&gt;\r\n            &lt;div class=&quot;blog_article_paragraph&quot;&gt;\r\n                &lt;p&gt;\r\n                    La implementación exitosa de la &lt;b&gt;Automatización IA&lt;/b&gt; requiere una visión pragmática. El valor real hoy no está en el reemplazo total, sino en la amplificación del talento mediante la orquestación inteligente.\r\n                &lt;/p&gt;\r\n                &lt;p&gt;\r\n                    Si tu organización busca implementar &lt;b&gt;Agentes IA&lt;/b&gt; en operaciones críticas y necesita la garantía de un socio profesional que priorice la &lt;b&gt;fiabilidad, la seguridad&lt;/b&gt; y un camino claro hacia el &lt;b&gt;ROI&lt;/b&gt;, podemos ayudarte.\r\n                &lt;/p&gt;\r\n                &lt;p&gt;\r\n\r\n                &lt;p&gt;\r\n                    Hablemos de fiabilidad. Diseñemos juntos el Copiloto IA perfecto para tu negocio.\r\n                &lt;/p&gt;\r\n                &lt;p&gt;\r\n                   &lt;a href=&quot;/contacto&quot;&gt;contacta&lt;/a&gt; con nosotros.\r\n                &lt;/p&gt;\r\n            &lt;/div&gt;', 'Preguntas Frecuentes sobre la Fiabilidad de los Agentes IA');

--
-- Índices para tablas volcadas
--

--
-- Indices de la tabla `blog_article`
--
ALTER TABLE `blog_article`
  ADD PRIMARY KEY (`id`),
  ADD KEY `IDX_EECCB3E564C19C1` (`category`),
  ADD KEY `IDX_EECCB3E5BDAFD8C8` (`author`);

--
-- Indices de la tabla `blog_article_faq`
--
ALTER TABLE `blog_article_faq`
  ADD PRIMARY KEY (`id`),
  ADD KEY `IDX_A3D0CA4823A0E66` (`article`);

--
-- Indices de la tabla `blog_article_lang`
--
ALTER TABLE `blog_article_lang`
  ADD PRIMARY KEY (`id`),
  ADD KEY `IDX_DB97ECE423A0E66` (`article`);

--
-- AUTO_INCREMENT de las tablas volcadas
--

--
-- AUTO_INCREMENT de la tabla `blog_article`
--
ALTER TABLE `blog_article`
  MODIFY `id` int(11) NOT NULL AUTO_INCREMENT, AUTO_INCREMENT=5;

--
-- AUTO_INCREMENT de la tabla `blog_article_faq`
--
ALTER TABLE `blog_article_faq`
  MODIFY `id` int(11) NOT NULL AUTO_INCREMENT, AUTO_INCREMENT=121;

--
-- AUTO_INCREMENT de la tabla `blog_article_lang`
--
ALTER TABLE `blog_article_lang`
  MODIFY `id` int(11) NOT NULL AUTO_INCREMENT, AUTO_INCREMENT=30;

--
-- Restricciones para tablas volcadas
--

--
-- Filtros para la tabla `blog_article`
--
ALTER TABLE `blog_article`
  ADD CONSTRAINT `FK_EECCB3E564C19C1` FOREIGN KEY (`category`) REFERENCES `blog_category` (`id`) ON DELETE CASCADE,
  ADD CONSTRAINT `FK_EECCB3E5BDAFD8C8` FOREIGN KEY (`author`) REFERENCES `blog_author` (`id`) ON DELETE CASCADE;

--
-- Filtros para la tabla `blog_article_faq`
--
ALTER TABLE `blog_article_faq`
  ADD CONSTRAINT `FK_A3D0CA4823A0E66` FOREIGN KEY (`article`) REFERENCES `blog_article` (`id`) ON DELETE CASCADE;

--
-- Filtros para la tabla `blog_article_lang`
--
ALTER TABLE `blog_article_lang`
  ADD CONSTRAINT `FK_DB97ECE423A0E66` FOREIGN KEY (`article`) REFERENCES `blog_article` (`id`);
COMMIT;

/*!40101 SET CHARACTER_SET_CLIENT=@OLD_CHARACTER_SET_CLIENT */;
/*!40101 SET CHARACTER_SET_RESULTS=@OLD_CHARACTER_SET_RESULTS */;
/*!40101 SET COLLATION_CONNECTION=@OLD_COLLATION_CONNECTION */;
